iata_id,airline,alias,icao,callsign,country,active
10,Canadian World,,CNN,Canadian,Canada,N
11,TUIfly (X3),,\N,,Germany,Y
12,12 North,,N12,12N,India,Y
13,Eastern Atlantic Virtual Airlines,,EAV,EAVA,United States,Y
20,Air Salone,\N,RNE,AIR SALONE,Sierra Leone,Y
24,Euro Jet,,\N,,Germany,Y
47,88,,VVN,,Cyprus,Y
69,Royal European Airlines,,\N,,United Kingdom,Y
76,Southjet,,SJS,,United States,Y
77,Southjet connect,,ZCS,,United States,Y
78,Southjet cargo,,XAN,,United States,Y
88,All Australia,All Australia,8K8,,Australia,Y
99,Ciao Air,,\N,,Italy,Y
0A,Amber Air,\N,GNT,GINTA,Lithuania,N
0B,Blue Air,\N,JOR,BLUE TRANSPORT,Romania,Y
0D,Darwin Airline,\N,DWT,DARWIN,Switzerland,Y
0E,Dummy,,\N,,France,N
0G,Global Airlines,Global Airlines,GA0,,Argentina,Y
0J,Jetclub,\N,,,Switzerland,N
0J,Jetclub,\N,JCS,JETCLUB,Switzerland,N
0M,All America MX,All America México,0MM,,Mexico,Y
0P,All America BOPY,All America BOPY,PYB,BOPY,Paraguay,Y
0X,Copenhagen Express,,CX0,Copex,Denmark,Y
0Y,All America CO,All America Colombia,7ZC,,Colombia,Y
1A,Amadeus Global Travel Distribution,\N,AGT,AMADEUS,Spain,N
1B,Abacus International,\N,,,Singapore,Y
1C,Electronic Data Systems,\N,,,Switzerland,N
1C,OneChina,OneChina,1CH,,China,Y
1D,Radixx Solutions International,\N,,,United States,N
1E,Travelsky Technology,\N,,,China,N
1E,TransRussiaAirlines,TransRus,RGG,,Russia,Y
1F,INFINI Travel Information,\N,,,Japan,N
1F,CB Airways UK ( Interliging Flights ),,CIF,,United Kingdom,Y
1G,Galileo International,\N,,,United States,N
1H,Siren-Travel,\N,,,Russia,N
1H,Hellenic Airways,,HEY,Hellenic,Greece,N
1I,Deutsche Rettungsflugwacht,\N,AMB,CIVIL AIR AMBULANCE,Germany,N
1I,NetJets,\N,EJA,EXECJET,United States,Y
1I,Novair,\N,NVR,NAVIGATOR,Sweden,Y
1I,Pegasus Hava Tasimaciligi,\N,,,Turkey,N
1I,Sierra Nevada Airlines,\N,,,United States,N
1I,Sky Trek International Airlines,\N,,,,N
1I,Sky Trek International Airlines,\N,PZR,PHAZER,United States,N
1K,Southern Cross Distribution,\N,,,Australia,N
1K,Sutra,\N,,,United States,N
1K,BudgetAir,BudgetAir,BG1,,Germany,Y
1L,Open Skies Consultative Commission,\N,OSY,OPEN SKIES,United States,N
1M,JSC Transport Automated Information Systems,\N,,,Russia,N
1N,Navitaire,\N,,,United States,N
1P,Worldspan,\N,,,United States,N
1Q,Sirena,\N,,,Russia,N
1R,Hainan Phoenix Information Systems,\N,,,China,N
1R,All America CL,All America Chile,R1R,,Chile,Y
1S,Sabre,\N,,,United States,N
1T,1Time Airline,\N,RNX,NEXTIME,South Africa,Y
1U,ITA Software,\N,,,United States,N
1U,Polyot Sirena,\N,,,Russia,N
1X,Island Express Air,,\N,Abby Air,Canada,Y
1Y,All America BR,All America Brasil,A9B,,Brazil,Y
1Z,Sabre Pacific,\N,,,Australia,N
2A,Deutsche Bahn,\N,,,Germany,Y
2B,Aerocondor,\N,ARD,AEROCONDOR,Portugal,Y
2C,SNCF,\N,,,France,N
2D,Aero VIP,\N,AOG,AVIP,Argentina,N
2D,Alaniya Airlines,Алания,\N,,Russia,N
2D,Aero VIP (2D),,\N,,Portugal,Y
2F,Frontier Flying Service,\N,FTA,FRONTIER-AIR,United States,Y
2G,Cargoitalia,\N,CRG,WHITE PELICAN,Italy,N
2G,San Juan Airlines,\N,MRR,MARINER,United States,N
2H,Thalys,\N,,,Belgium,N
2I,Star Peru (2I),,\N,,Peru,Y
2J,Air Burkina,\N,VBW,BURKINA,Burkina Faso,Y
2K,Aerolineas Galapagos (Aerogal),\N,GLG,AEROGAL,Ecuador,Y
2L,Helvetic Airways,\N,OAW,HELVETIC,Switzerland,Y
2M,Moldavian Airlines,\N,MDV,MOLDAVIAN,Moldova,Y
2N,NextJet,\N,NTJ,NEXTJET,Sweden,Y
2O,Air Salone,\N,,,Sierra Leone,Y
2P,Air Philippines,\N,GAP,ORIENT PACIFIC,Philippines,Y
2Q,Air Cargo Carriers,\N,SNC,NIGHT CARGO,United States,Y
2R,VIA Rail Canada,\N,,,Canada,N
2R,All America AR,All America Argentina,M7A,,Argentina,Y
2S,Island Express,\N,SDY,SANDY ISLE,United States,N
2S,Star Equatorial Airlines,\N,,,Guinea,N
2S,Air Carnival,,\N,,India,Y
2T,Haiti Ambassador Airlines,\N,HAM,,Haiti,Y
2U,Air Guinee Express,\N,GIP,FUTURE EXPRESS,Guinea,Y
2W,Welcome Air,\N,WLC,WELCOMEAIR,Austria,Y
2X,Regionalia Uruguay,Regionalia Uruguay,2K2,,Uruguay,Y
2Y,Air Andaman (2Y),,AOW,AIR ANDAMAN,Thailand,N
2Z,Changan Airlines,\N,CGN,CHANGAN,China,N
3B,JobAir,,\N,,Czech Republic,Y
3C,RegionsAir,\N,CEA,CORP-X,United States,N
3D,Palair Macedonia,,PMK,,Macedonia,N
3D,Palair Macedonia (3D),,\N,,Macedonia,N
3E,Air Choice One,,\N,,United States,Y
3F,Fly Colombia ( Interliging Flights ),,3FF,,Colombia,Y
3G,Atlant-Soyuz Airlines,\N,AYZ,ATLANT-SOYUZ,Russia,Y
3I,Air Comet Chile,,\N,,Chile,Y
3J,Zip,\N,WZP,ZIPPER,Canada,N
3K,Jetstar Asia Airways,\N,JSA,JETSTAR ASIA,Singapore,Y
3L,Intersky,\N,ISK,INTERSKY,Austria,Y
3M,Silver Airways (3M),,\N,Silver Wings,United States,Y
3N,Air Urga,\N,URG,URGA,Ukraine,N
3O,Air Arabia Maroc,,\N,Air Arabia,Morocco,Y
3P,Tiara Air,\N,TNM,TIARA,Aruba,Y
3Q,Yunnan Airlines,\N,CYH,YUNNAN,China,Y
3R,Moskovia Airlines,\N,GAI,GROMOV AIRLINE,Russia,Y
3S,Aeroland Airways,\N,,,Greece,N
3S,Air Antilles Express,,\N,GREEN BIRD,Guadeloupe,Y
3T,Turan Air,\N,URN,TURAN,Azerbaijan,Y
3U,Sichuan Airlines,\N,CSC,SI CHUAN,China,Y
3V,TNT Airways,\N,TAY,QUALITY,Belgium,N
3V,3 Valleys Airlines,,VA3,3 Valleys,France,N
3W,Euromanx Airways,\N,EMX,EUROMANX,Austria,N
3W,Malawian Airlines,,\N,,Malawi,Y
3X,Aguilar Connect,,GUI,Moonexpress,Chile,N
4A,Air Kiribati,\N,AKL,,Kiribati,Y
4B,Boutique Air (Priv),,BTQ,,United States,Y
4C,Aires,\N,ARE, Aerovias de Integracion Regional, S.A.,Y
4D,Air Sinai,\N,ASD,AIR SINAI,Egypt,Y
4F,Air City,\N,ECE,AIRCITY,Germany,N
4G,Advance Leasing Company,\N,,,United States,N
4G,Gazpromavia,\N,GZP,GAZPROMAVIA,Russia,Y
4H,United Airways,,UBD,UNITED BANGLADESH,Bangladesh,Y
4K,Askari Aviation,\N,AAS,AL-AAS,Pakistan,Y
4L,Euroline,,MJX,GEO-LINE,Georgia,Y
4M,LAN Argentina,\N,DSM,LAN AR,Argentina,Y
4N,Air North Charter - Canada,\N,ANT,AIR NORTH,Canada,Y
4O,Interjet (ABC Aerolineas),,\N,INTERJET,Mexico,Y
4P,Business Aviation,,\N,AFRICAN BUSINESS,Congo (Kinshasa),Y
4Q,Safi Airlines,,\N,,Afghanistan,Y
4R,Hamburg International,\N,HHI,HAMBURG JET,Germany,Y
4S,Finalair Congo,\N,FNC,FINALAIR CONGO,Republic of the Congo,N
4S,Vuola Italia,Vuola Italia,VI4,,Italy,Y
4T,Belair Airlines,\N,BHP,BELAIR,Switzerland,Y
4U,Germanwings,\N,GWI,GERMAN WINGS,Germany,Y
4X,Red Jet Mexico,,\N,,Mexico,Y
4Y,Airbus France,\N,RBU,AIRBUS FRANCE,France,N
4Z,Airlink (SAA),,\N,,South Africa,Y
5A,Alpine Air Express,\N,AIP,ALPINE AIR,United States,N
5B,Bassaka airlines,,BSX,5B,Cambodia,Y
5C,CAL Cargo Air Lines,\N,ICL,CAL,Israel,Y
5D,Aerolitoral,\N,SLI,COSTERA,Mexico,Y
5D,DonbassAero,\N,UDC,DONBASS AERO,Ukraine,Y
5E,SGA Airlines,,\N,SIAM,Thailand,Y
5F,Arctic Circle Air Service,\N,CIR,AIR ARCTIC,United States,N
5G,Skyservice Airlines,\N,SSV,SKYTOUR,Canada,Y
5H,Fly540,,FFV,SWIFT TANGO,Kenya,Y
5J,Cebu Pacific,\N,CEB,CEBU AIR,Philippines,Y
5K,Hi Fly,\N,HFY,SKY FLYER,Portugal,N
5K,Hi Fly (5K),,\N,,Portugal,Y
5L,Aerosur,\N,RSU,AEROSUR,Bolivia,Y
5M,Sibaviatrans,\N,SIB,SIBAVIA,Russia,Y
5N,Aeroflot-Nord,\N,AUL,DVINA,Russia,Y
5P,Pal airlines,,\N,,Chile,Y
5Q,BQB Lineas Aereas,Buquebus,\N,,Uruguay,Y
5T,Canadian North,\N,MPE,EMPRESS,Canada,Y
5V,Lviv Airlines,\N,UKW,UKRAINE WEST,Ukraine,N
5W,Astraeus,\N,AEU,FLYSTAR,United Kingdom,Y
5X,United Parcel Service,\N,UPS,UPS,United States,N
5Y,Atlas Air,\N,GTI,GIANT,United States,Y
5Z,Bismillah Airlines,\N,BML,BISMILLAH,Bangladesh,N
5Z,VivaColombia,,VVC,,Colombia,Y
6A,Consorcio Aviaxsa,\N,CHP,AVIACSA,Mexico,Y
6B,TUIfly Nordic,\N,BLX,BLUESCAN,Sweden,Y
6C,Vuela Cuba,Vuela Cuba,6CC,,Cuba,Y
6D,Pelita,,\N,,Indonesia,Y
6E,IndiGo Airlines,\N,IGO,IFLY,India,Y
6F,MAT Airways,,MKD,,Macedonia,Y
6G,Air Wales,\N,AWW,RED DRAGON,United Kingdom,Y
6H,Israir,\N,ISR,ISRAIR,Israel,Y
6I,International Business Air,\N,IBZ,INTERBIZ,Sweden,N
6I,Fly 6ix,,\N,,Sierra Leone,Y
6J,Skynet Asia Airways,\N,SNJ,NEWSKY,Japan,Y
6K,Asian Spirit,\N,RIT,ASIAN SPIRIT,Philippines,Y
6N,Nordic Regional,\N,NRD,NORTH RIDER,Sweden,N
6P,Club Air,\N,ISG,CLUBAIR,Italy,N
6P,Gryphon Airlines,,\N,,United States,Y
6Q,Slovak Airlines,\N,SLL,SLOV LINE,Slovakia,N
6R,Alrosa Mirny Air Enterprise,\N,DRU,MIRNY,Russia,Y
6T,Air Mandalay,,\N,Six Tango,Burma,Y
6U,Air Ukraine,\N,UKR,AIR UKRAINE,Ukraine,N
6U,Air Cargo Germany,,\N,Loadmaster,Germany,Y
6V,Air Vegas,\N,VGA,AIR VEGAS,United States,N
6V,Axis Airways,\N,AXY,AXIS,France,N
6V,Mars RK,\N,MRW,AVIAMARS,Ukraine,N
6V,Via Conectia Airlines,Via Conectia,CZV,,Uruguay,Y
6W,Saratov Aviation Division,\N,SOV,SARATOV AIR,Russia,Y
6Y,SmartLynx Airlines,,\N,,Latvia,Y
6Z,Ukrainian Cargo Airways,\N,UKS,CARGOTRANS,Ukraine,N
7A,Aztec Worldwide Airlines,\N,,,United States,N
7B,Krasnojarsky Airlines,\N,KJC,KRASNOJARSKY AIR,Russia,Y
7C,Jeju Air,\N,JJA,JEJU AIR,Republic of Korea,Y
7E,Aeroline GmbH,\N,AWU,SYLT-AIR,Germany,Y
7F,First Air,\N,FAB,,Canada,Y
7G,Star Flyer,\N,SFJ,STARFLYER,Japan,Y
7H,Era Alaska,,ERR,ERAH,United States,Y
7I,Insel Air (7I/INC) (Priv),,\N,,Netherlands Antilles,Y
7J,Tajik Air,,\N,,Tajikistan,Y
7K,Kogalymavia Air Company,\N,KGL,KOGALYM,Russia,Y
7L,Sun D'Or,\N,ERO,ECHO ROMEO,Israel,Y
7M,Mongolian International Air Lines ,Mongol Air ,ZTF,Mongol_AIr ,Mongolia,Y
7N,Centavia,\N,CNA,,Serbia,N
7O,Galaxy Air,\N,GAL,GALAXY,Kyrgyzstan,N
7O,All Colombia,All Colombia,7KK,,Colombia,Y
7P,Metro Batavia,\N,BTV,BATAVIA,Indonesia,Y
7Q,Pan Am World Airways Dominicana,PAWA Dominicana,\N,PAWA,Dominican Republic,Y
7R,BRA-Transportes Aereos,\N,BRB,BRA-TRANSPAEREOS,Brazil,N
7R,Svyaz Rossiya,Russian Commuter ,SJM,RussianConnecty,Russia,Y
7T,Air Glaciers,\N,AGV,AIR GLACIERS,Switzerland,Y
7T,Tobruk Air,\N,TOB,TOBRUK AIR,Libya,N
7V,ROYAL BRITAIN,Flying Brits,ROB,,United Kingdom,N
7W,Wayraper,\N,,WAYRAPER,Peru,Y
7Y,Med Airways,,\N,FLYING CARPET,Lebanon,Y
7Z,Halcyonair,,\N,CREOLE,Cape Verde,Y
8A,Atlas Blue,\N,BMM,ATLAS BLUE,Morocco,Y
8B,Caribbean Star Airlines,\N,GFI,CARIB STAR,Antigua and Barbuda,N
8B,BusinessAir,,BCC,,Thailand,Y
8C,Air Transport International,\N,ATN,AIR TRANSPORT,United States,N
8C,Air Horizon,\N,HZT,HORIZON TOGO,Togo,N
8C,Shanxi Airlines,\N,CXI,SHANXI,China,N
8D,Astair,\N,,,Russian Federation,Y
8D,Expo Aviation,\N,EXV,EXPOAVIA,Sri Lanka,N
8D,Servant Air,\N,,,United States,N
8E,Bering Air,\N,BRG,BERING AIR,United States,Y
8F,Fischer Air,\N,FFR,FISCHER,Czech Republic,N
8F,STP Airways,,STP,SAOTOME AIRWAYS,Sao Tome and Principe,Y
8H,Heli France,\N,HFR,HELIFRANCE,France,Y
8I,Myway Airlines,\N,,,Italy,Y
8J,Jet4You,,JFU,ARGAN,Morocco,Y
8J,Komiinteravia,,KMV,KOMIINTER,Russia,N
8K,Voestar,Voestar Brasil,K88,,Brazil,Y
8L,Cargo Plus Aviation,\N,CGP,,United Arab Emirates,Y
8L,Redhill Aviation,\N,RHC,REDAIR,United Kingdom,N
8M,Maxair,\N,MXL,MAXAIR,Sweden,Y
8M,Myanmar Airways International,\N,MMM,assignment postponed,Myanmar,Y
8N,Barents AirLink,\N,NKF,NORDFLIGHT,Sweden,Y
8O,West Coast Air,\N,,,Canada,Y
8P,Pacific Coastal Airline,\N,PCO,PASCO,Canada,Y
8Q,Baker Aviation,\N,BAJ,BAKER AVIATION,United States,N
8Q,Onur Air,\N,OHY,ONUR AIR,Turkey,Y
8Q,Princess Air,\N,,,,N
8Q,Maldivian Air Taxi,\N,\N,\N,Maldives,Y
8R,TRIP Linhas A,\N,TIB,TRIP,Brazil,Y
8S,Scorpio Aviation,\N,,,,N
8T,Air Tindi,\N,,,Canadian Territories,Y
8U,Afriqiyah Airways,\N,AAW,AFRIQIYAH,Libya,Y
8V,Astral Aviation,\N,ACP,ASTRAL CARGO,Kenya,Y
8V,Wright Air Service,\N,WRF,WRIGHT FLYER,United States,N
8W,BAX Global,\N,,,,N
8W,Private Wings Flugcharter,\N,PWF,PRIVATE WINGS,Germany,N
8Y,Air Burundi,\N,PBU,AIR-BURUNDI,Burundi,N
8Y,China Postal Airlines,\N,CYZ,CHINA POST,China,N
8z,Linea Aerea de Servicio Ejecutivo Regional,\N,LER,LASER,Venezuela,N
8Z,Wizz Air Hungary,\N,WVL,WIZZBUL,Bulgaria,Y
9A,Air Atlantic,,\N,Atlantic,Canada,N
9A,All Africa,All Africa,99F,,South Africa,Y
9C,China SSS,Chunqiu Airlines,\N,,China,Y
9E,Pinnacle Airlines,\N,FLG,FLAGSHIP,United States,Y
9F,Tramm Airlines,Tramm Airlines,TLM,9F,Netherlands Antilles,N
9H,MDLR Airlines,,\N,MDLR,India,Y
9I,Thai Sky Airlines,\N,TKY,THAI SKY,Thailand,N
9I,International Europe,International,INE,,Spain,Y
9J,Regionalia Chile,Regionalia Chile,CR1,,Chile,Y
9K,Cape Air,\N,KAP,CAIR,United States,Y
9L,Colgan Air,\N,CJC,COLGAN,United States,Y
9N,Regional Air Iceland,Regional Air Iceland,N78,,Iceland,Y
9O,National Airways Cameroon,\N,,,Cameroon,N
9P,Pelangi ,,\N,,Malaysia,N
9Q,PB Air,\N,PBA,PEEBEE AIR,Thailand,Y
9R,Phuket Air,\N,VAP,PHUKET AIR,Thailand,N
9R,SATENA,\N,NSE,SATENA,Colombia,Y
9S,Spring Airlines,\N,CQH,AIR SPRING,China,Y
9T,Transwest Air,\N,ABS,ATHABASKA,Canada,Y
9U,Air Moldova,\N,MLD,AIR MOLDOVA,Moldova,Y
9V,Volotea Costa Rica,Volotea Costa Rica,VC9,,Costa Rica,Y
9W,Jet Airways,\N,JAI,JET AIRWAYS,India,Y
9X,Itali Airlines,\N,ACL,ITALI,Italy,N
9X,Regionalia Venezuela,Regionalia Venezuela,9XX,,Venezuela,Y
9Y,Air Kazakhstan,,KZK,Kazakh,Kazakhstan,Y
A1,Atifly,,A1F,atifly,United States,Y
A2,Cielos Airlines,\N,CIU,CIELOS,Peru,N
A2,All America,All America,AL2,,United States,Y
A3,Aegean Airlines,\N,AEE,AEGEAN,Greece,Y
A4,Southern Winds Airlines,\N,SWD,SOUTHERN WINDS,Argentina,Y
A5,Airlinair,\N,RLA,AIRLINAIR,France,Y
A6,Air Alps Aviation,\N,LPV,ALPAV,Austria,N
A6,Air Alps Aviation (A6),,\N,ALPAV,Austria,Y
A7,Air Plus Comet,\N,MPD,RED COMET,Spain,Y
A8,Benin Golf Air,\N,BGL,BENIN GOLF,Benin,N
A9,Georgian Airways,\N,TGZ,TAMAZI,Georgia,Y
AA,American Airlines,\N,AAL,AMERICAN,United States,Y
AB,Air Berlin,\N,BER,AIR BERLIN,Germany,Y
AC,Air Canada,\N,ACA,AIR CANADA,Canada,Y
AD,Air Paradise International,\N,PRZ,RADISAIR,Indonesia,N
AD,Azul,Azul Linhas Aéreas Brasileiras,AZU,,Brazil,Y
AE,Mandarin Airlines,\N,MDA,Mandarin,Taiwan,Y
AF,Air France,\N,AFR,AIRFRANS,France,Y
AG,Air Contractors,\N,ABR,CONTRACT,Ireland,N
AG,All America US,All America US,SSA,,United States,Y
AH,Air Algerie,\N,DAH,AIR ALGERIE,Algeria,Y
AI,Air India Limited,\N,AIC,AIRINDIA,India,Y
AJ,Aero Contractors,\N,NIG,AEROLINE,Nigeria,Y
AK,AirAsia,Air Asia,AXM,ASIAN EXPRESS,Malaysia,Y
AL,Skywalk Airlines,\N,SYX,SKYWAY-EX,United States,Y
AL,Transaviaexport,\N,TXC,TRANSEXPORT,Belarus,N
AM,AeroMéxico,\N,AMX,AEROMEXICO,Mexico,Y
AN,Ansett Australia,\N,AAA,ANSETT,Australia,Y
AO,Australian Airlines,\N,AUZ,AUSTRALIAN,Australia,N
AO,Avianova (Russia),,\N,Nova,Russia,Y
AP,Airbus Industrie,\N,AIB,AIRBUS INDUSTRIE,France,N
AP,Air One,\N,ADH,HERON,Italy,Y
AQ,Aloha Airlines,\N,AAH,ALOHA,United States,Y
AR,Aerolineas Argentinas,\N,ARG,ARGENTINA,Argentina,Y
AS,Alaska Airlines,\N,ASA, Inc.,ALASKA,Y
AT,Royal Air Maroc,\N,RAM,ROYALAIR MAROC,Morocco,Y
AU,Austral Lineas Aereas,\N,AUT,AUSTRAL,Argentina,Y
AV,Avianca - Aerovias Nacionales de Colombia,\N,AVA, S.A.,AVIANCA,Y
AW,CHC Airways,\N,SCH,,Netherlands,N
AW,Dirgantara Air Service,\N,DIR,DIRGANTARA,Indonesia,N
AW,Asian Wings Airways,,AWM,Asian Star,Burma,Y
AX,Trans States Airlines,\N,LOF,WATERSKI,United States,Y
AY,Finnair,\N,FIN,FINNAIR,Finland,Y
AZ,Alitalia,\N,AZA,ALITALIA,Italy,Y
B0,Aws express,,666,aws,United States,Y
B1,Baltic Air lines,,BA1,Baltic,Latvia,Y
B2,Belavia Belarusian Airlines,\N,BRU,BELARUS AVIA,Belarus,Y
B3,Bellview Airlines,\N,BLV,BELLVIEW AIRLINES,Nigeria,Y
B4,BACH Flugbetriebsges,\N,BCF,BACH,Austria,N
B4,Bankair,\N,BKA,BANKAIR,United States,N
B4,Flyglobespan,\N,GSM,GLOBESPAN,United Kingdom,Y
B5,Flightline,\N,FLT,FLIGHTLINE,United Kingdom,Y
B6,JetBlue Airways,\N,JBU,JETBLUE,United States,Y
B7,Uni Air,,UIA,Glory,Taiwan,Y
B8,Eritrean Airlines,\N,ERT,ERITREAN,Eritrea,Y
B9,Air Bangladesh,\N,BGD,AIR BANGLA,Bangladesh,Y
BA,British Airways,\N,BAW,SPEEDBIRD,United Kingdom,Y
BB,Seaborne Airlines,\N,SBS,SEABORNE,United States,Y
BC,Skymark Airlines,\N,SKY,SKYMARK,Japan,Y
BD,bmi,bmi British Midland,BMA,MIDLAND,United Kingdom,Y
BE,Flybe,\N,BEE,JERSEY,United Kingdom,Y
BF,Aero-Service,\N,RSR,CONGOSERV,Republic of the Congo,Y
BF,Bluebird Cargo,\N,BBD,BLUE CARGO,Iceland,N
BG,Biman Bangladesh Airlines,\N,BBC,BANGLADESH,Bangladesh,Y
BH,Hawkair,\N,,,Canada,Y
BI,Royal Brunei Airlines,\N,RBA,BRUNEI,Brunei,Y
BJ,Nouvel Air Tunisie,\N,LBT,NOUVELAIR,Tunisia,Y
BK,Potomac Air,\N,PDC,DISTRICT,United States,Y
BL,Jetstar Pacific,Pacific Airlines,PIC,PACIFIC AIRLINES,Vietnam,Y
BM,Air Sicilia,\N,,,Italy,Y
BM,Bayu Indonesia Air,\N,BYE,BAYU,Indonesia,N
BN,Braniff International Airways,\N,BNF,Braniff,United States,N
BN,Forward Air International Airlines,\N,,,United States,N
BN,Horizon Airlines,\N,HZA,,Australia,Y
BO,Bouraq Indonesia Airlines,\N,BOU,BOURAQ,Indonesia,N
BP,Air Botswana,\N,BOT,BOTSWANA,Botswana,Y
BQ,Aeromar,\N,ROM,BRAVO QUEBEC,Dominican Republic,N
BQ,Buquebus Líneas Aéreas,,BQB,,Uruguay,Y
BR,EVA Air,\N,EVA,EVA,Taiwan,Y
BS,British International Helicopters,\N,BIH,BRINTEL,United Kingdom,Y
BT,Air Baltic,\N,BTI,AIRBALTIC,Latvia,Y
BU,Braathens,Braathens SAFE,BRA,Braathens,Norway,N
BU,Blue Sky America,,BKY,,United States,N
BU,Baikotovitchestrian Airlines ,,BUU,,American Samoa,Y
BV,Blue Panorama Airlines,\N,BPA,BLUE PANOROMA,Italy,Y
BW,Caribbean Airlines,\N,BWA,CARIBBEAN AIRLINES,Trinidad and Tobago,Y
BX,Coast Air,\N,CST,COAST CENTER,Norway,N
BX,Air Busan,\N,ABL,Air Busan,Republic of Korea,Y
BY,Thomsonfly,\N,TOM,TOMSON,United Kingdom,Y
BZ,Blue Dart Aviation,\N,BDA,BLUE DART,India,N
BZ,Keystone Air Services,\N,KEE,KEYSTONE,Canada,N
BZ,Aero Brazil,,BZL,,Brazil,N
BZ,Black Stallion Airways,,BSA,Stallion,United States,Y
C0,Centralwings,\N,CLW,CENTRALWINGS,Poland,Y
C1,CanXpress,,CA1,CAX,Canada,Y
C2,CanXplorer,,CAP,,Canada,Y
C3,Contact Air,Contactair,KIS,CONTACTAIR,Germany,Y
C3,ICAR Airlines,\N,,,Ukraine,N
C3,QatXpress,qatXpress,QAX,,Qatar,Y
C4,Zimex Aviation,\N,IMX,ZIMEX,Switzerland,N
C4,LionXpress,lionXpress,LIX,LIX,Cameroon,Y
C5,CommutAir,\N,UCA,COMMUTAIR,United States,Y
C6,CanJet,\N,CJA,CANJET,Canada,N
C7,Rico Linhas A,\N,RLE,RICO,Brazil,N
C7,Sky Wing Pacific,,CR7,,South Korea,Y
C8,Chicago Express,\N,WDY,WINDY CITY,United States,N
C8,Chicago Express (C8),ATA Connection,\N,,United States,N
C9,Cirrus Airlines,\N,RUS,CIRRUS AIR,Germany,Y
CA,Air China,\N,CCA,AIR CHINA,China,Y
CB,Suckling Airways,,\N,,United Kingdom,N
CB,CCML Airlines,,CCC,,Colombia,Y
CC,Air Atlanta Icelandic,\N,ABD,ATLANTA,Iceland,Y
CC,Macair Airlines,\N,MCK,,Australia,Y
CD,Alliance Air,\N,LLR,ALLIED,India,N
CD,Air India Regional,,\N,ALLIED,India,Y
CE,Nationwide Airlines,\N,NTW,NATIONWIDE,South Africa,Y
CF,City Airline,\N,SDR,SWEDESTAR,Sweden,Y
CG,Airlines PNG,\N,TOK,BALUS,Papua New Guinea,Y
CH,Bemidji Airlines,\N,BMJ,BEMIDJI,United States,Y
CI,China Airlines,\N,CAL,DYNASTY,Taiwan,Y
CJ,China Northern Airlines,\N,CBF,CHINA NORTHERN,China,N
CJ,BA CityFlyer,\N,CFE,FLYER,United Kingdom,Y
CK,China Cargo Airlines,\N,CKK,CARGO KING,China,N
CL,Lufthansa CityLine,\N,CLH,HANSALINE,Germany,Y
CM,Copa Airlines,\N,CMP,COPA,Panama,Y
CN,Islands Nationair,\N,,,Papua New Guinea,N
CN,Westward Airways,\N,WWD,WESTWARD,United States,N
CN,Canadian National Airways,,YCP,CaNational,Canada,Y
CO,Continental Airlines,\N,COA,CONTINENTAL,United States,Y
CO,Continental Express,\N,,JETLINK,United States,Y
CP,Canadian Airlines,\N,CDN,CANADIAN,Canada,Y
CP,Compass Airlines,\N,CPZ,Compass Rose,United States,Y
CQ,Sunshine Express Airlines,\N,EXL,,Australia,N
CQ,SOCHI AIR,SOCHI,KOL,SLOW FROG,Russia,Y
CR,OAG,\N,,,United Kingdom,N
CR,Air Ops,,\N,,Sweden,N
CS,Continental Micronesia,\N,CMI,AIR MIKE,United States,Y
CT,Civil Air Transport,\N,CAT,Mandarin,Taiwan,N
CT,Alitalia Cityliner,,\N,,Italy,Y
CU,Cubana de Aviación,\N,CUB,CUBANA,Cuba,Y
CV,Air Chathams,\N,CVA,CHATHAM,New Zealand,Y
CV,Cargolux,\N,CLX,CARGOLUX,Luxembourg,N
CW,Air Marshall Islands,\N,CWM,AIR MARSHALLS,Marshall Islands,Y
CX,Cathay Pacific,\N,CPA,CATHAY,Hong Kong SAR of China,Y
CY,Cyprus Airways,\N,CYP,CYPRUS,Cyprus,Y
CZ,China Southern Airlines,\N,CSN,CHINA SOUTHERN,China,Y
ЯП,Polar Airlines,,\N,,Russia,Y
АЯ,Аэросервис,,\N,,Russia,Y
D1,Domenican Airlines,Domenican,MDO,Domenican,Dominican Republic,Y
D2,Severstal Air Company,,\N,,Russia,Y
D3,Daallo Airlines,\N,DAO,DALO AIRLINES,Djibouti,Y
D4,Alidaunia,\N,LID,ALIDA,Italy,N
D5,Dauair,\N,DAU,DAUAIR,Germany,N
D5,Skyline nepc,,\N,,India,N
D5,NEPC Airlines,,\N,,India,N
D6,Interair South Africa,\N,ILN,INLINE,South Africa,Y
D7,Dinar,\N,RDN,AERO DINAR,Argentina,N
D7,AirAsia X,FlyAsianXpress,XAX,XANADU,Malaysia,Y
D8,Djibouti Airlines,\N,DJB,DJIBOUTI AIR,Djibouti,Y
D9,Aeroflot-Don,\N,DNV,DONAVIA,Russia,Y
DA,Air Georgia,\N,GRG,AIR GEORGIA,Georgia,N
DA,Dana Air,,\N,DANACO,Nigeria,Y
DB,Brit Air,\N,BZH,BRITAIR,France,Y
DC,Golden Air,\N,GAO,GOLDEN,Sweden,Y
DD,Nok Air,\N,NOK,NOK AIR,Thailand,Y
DE,Condor Flugdienst,\N,CFG,CONDOR,Germany,Y
DF,Michael Airlines,Javi,MJG,MJG,Puerto Rico,Y
DG,South East Asian Airlines,\N,SRQ,SEAIR,Philippines,Y
DH,Discovery Airways,\N,DVA,DISCOVERY AIRWAYS,United States,N
DH,Independence Air,\N,IDE,INDEPENDENCE AIR,United States,N
DH,Dennis Sky,Dennis Sky Holding,DSY,DSY,Israel,Y
DI,dba,\N,BAG,SPEEDWAY,Germany,Y
DJ,Pacific Blue,\N,PBN,BLUEBIRD,New Zealand,N
DJ,Polynesian Blue,\N,PLB,POLYBLUE,New Zealand,N
DJ,Virgin Blue,\N,VBI,BLUEY,Australia,N
DK,Eastland Air,\N,ELA,,Australia,Y
DL,Delta Air Lines,\N,DAL,DELTA,United States,Y
DM,Maersk,\N,,,Denmark,Y
DN,Voronezhskie Airlanes,,\N,,Russia,N
DN,Alinord,,\N,,Italy,N
DN,Senegal Airlines,,SGG,,Senegal,Y
DO,Dominicana de Aviaci,\N,DOA,DOMINICANA,Dominican Republic,Y
МИ,KMV,,\N,Air Minvody,Russia,Y
DP,First Choice Airways,\N,FCA,JETSET,United Kingdom,Y
DQ,Coastal Air,\N,,U.S. Virgin Islands,United States,Y
DR,Air Mediterranee,\N,BIE,MEDITERRANEE,France,Y
DS,EasyJet (DS),,\N,,Switzerland,Y
DT,TAAG Angola Airlines,\N,DTA,DTA,Angola,Y
DU,Hemus Air,\N,HMS,HEMUS AIR,Bulgaria,N
DU,Norwegian Long Haul AS,,NLH,NORSTAR,Norway,Y
DV,Lufttaxi Fluggesellschaft,,LTF,Garfield,Germany,N
DV,Nantucket Airlines,\N,ACK,ACK AIR,United States,N
DV,Scat Air,,VSV,VLASTA,Kazakhstan,Y
DW,Aero-Charter Ukraine,\N,UCR,CHARTER UKRAINE,Ukraine,N
DW,Deutsche Luftverkehrsgesellschaft,,DLT,,Germany,N
DW,Deutsche Luftverkehrsgesellschaft (DLT),,DWD,,Germany,N
DX,DAT Danish Air Transport,\N,DTR,DANISH,Denmark,Y
DY,Norwegian Air Shuttle,\N,NAX,NOR SHUTTLE,Norway,Y
DZ,Starline.kz,,\N,ALUNK,Kazakhstan,Y
E0,Eos Airlines,\N,ESS,NEW DAWN,United States,N
E1,Usa Sky Cargo,USky,ES2,USKY,United States,Y
E2,Kampuchea Airlines,\N,KMP,KAMPUCHEA,Cambodia,N
E2,Rio Grande Air,\N,GRN,GRANDE,United States,N
E2,Eagle Atlantic Airlines,,\N,,Ghana,Y
E3,Domodedovo Airlines,\N,DMO,DOMODEDOVO,Russia,Y
E4,Aero Asia International,\N,RSO,AERO ASIA,Pakistan,N
E4,Elysian Airlines,,GIE,,Cameroon,Y
E5,Samara Airlines,\N,BRZ,BERYOZA,Russia,N
E5,Air Arabia Egypt,,RBG,,Egypt,Y
E6,Bringer Air Cargo Taxi Aereo,\N,,,Brazil,N
E6,Aviaexpresscruise,,\N,,Russia,N
E7,Estafeta Carga Aerea,\N,ESF,,Mexico,N
E7,European Aviation Air Charter,\N,EAF,EUROCHARTER,United Kingdom,N
E8,Alpi Eagles,\N,ELG,ALPI EAGLES,Italy,N
E8,Alpi Eagles (E8),,\N,,Italy,N
E8,US Africa Airways,,\N,,United States,N
E8,City Airways,,GTA,CITY AIR,Thailand,Y
E9,Boston-Maine Airways,\N,CXS,CLIPPER CONNECTION,United States,N
E9,AJT Air International,,\N,,Russia,N
E9,Compagnie Africaine d\\'Aviation,,\N,AFRICOMPANY,Congo (Kinshasa),Y
EA,European Air Express,\N,EAL,STAR WING,Germany,Y
EC,Avialeasing Aviation Company,\N,TWN,TWINARROW,Uzbekistan,Y
ED,Airblue,\N,ABQ,PAKBLUE,Pakistan,Y
EE,Aero Airlines,\N,EAY,REVAL,Estonia,N
EE,Nordica,,\N,REVAL,Estonia,Y
EF,Far Eastern Air Transport,\N,EFA,Far Eastern,Taiwan,Y
EG,Japan Asia Airways,\N,JAA,ASIA,Japan,Y
EH,Air Nippon Network Co. Ltd.,\N,AKX,ALFA WING,Japan,N
EH,SAETA,\N,SET,SAETA,Ecuador,N
EH,Euro Harmony,Euro Harmony ,EHM,,Portugal,N
EI,Aer Lingus,\N,EIN,SHAMROCK,Ireland,Y
EJ,New England Airlines,\N,NEA,NEW ENGLAND,United States,Y
EK,Emirates,Emirates Airlines,UAE,EMIRATES,United Arab Emirates,Y
EL,Air Nippon,\N,ANK,ANK AIR,Japan,Y
EM,Aero Benin,\N,AEB,AEROBEN,Benin,Y
EM,Empire Airlines,\N,CFS,EMPIRE AIR,United States,N
EN,Air Dolomiti,\N,DLA,DOLOMOTI,Italy,Y
EO,Express One International,\N,LHN,LONGHORN,United States,Y
EO,Hewa Bora Airways,\N,ALX,ALLCONGO,Democratic Republic of the Congo,N
EP,Iran Aseman Airlines,\N,IRC,,Iran,Y
EQ,TAME,\N,TAE,TAME,Ecuador,Y
ER,Astar Air Cargo,\N,DHL,DAHL,United States,N
ER,Fly Europa,,RWW,,Spain,Y
ES,DHL International,\N,DHX,DILMUN,Bahrain,N
ES,EuropeSky,,EUV,EuropeSky,Germany,Y
ET,Ethiopian Airlines,\N,ETH,ETHIOPIAN,Ethiopia,Y
EU,Empresa Ecuatoriana De Aviacion,\N,EEA,ECUATORIANA,Ecuador,Y
EV,Atlantic Southeast Airlines,\N,ASQ,ACEY,United States,Y
EW,Eurowings,\N,EWG,EUROWINGS,Germany,Y
EX,Air Santo Domingo,\N,SDO,AERO DOMINGO,Dominican Republic,N
EX,Wings of England,,"..,",,United Kingdom,N
EX,Europe Jet,Europe Jet,EU9,,France,Y
EY,Etihad Airways,\N,ETD,ETIHAD,United Arab Emirates,Y
EZ,Evergreen International Airlines,\N,EIA,EVERGREEN,United States,Y
EZ,Sun Air of Scandinavia,\N,SUS,SUNSCAN,Denmark,N
F1,Fly Brasil,Fly Brasil,FBL,FBL,Brazil,Y
F2,Fly Air,\N,FLM,FLY WORLD,Turkey,N
F3,Faso Airways,\N,FSW,FASO,Burkina Faso,N
F4,Albarka Air,\N,NBK,AL-AIR,Nigeria,N
F4,International Flying Service,IFS,\N,,Italy,N
F5,Cosmic Air,\N,COZ,COSMIC AIR,Nepal,N
F5,Global Freightways,,GF5,Freight,United States,N
F5,Fly One,Fly One,FI5,,Moldova,Y
F6,Faroejet,\N,RCK,ROCKROSE,Faroe Islands,N
F7,Flybaboo,\N,BBO,BABOO,Switzerland,Y
F8,Air2there,,\N,,New Zealand,Y
F9,Frontier Airlines,\N,FFT,FRONTIER FLIGHT,United States,Y
FA,Safair,\N,SFR,CARGO,South Africa,N
FA,Epic Holiday,Epic Holidays,4AA,Epic,United States,Y
FB,Bulgaria Air,\N,LZB,FLYING BULGARIA,Bulgaria,Y
FC,Finncomm Airlines,\N,WBA,WESTBIRD,Finland,Y
FD,Thai AirAsia,Thai Air Asia,AIQ,THAI ASIA,Thailand,Y
FE,Primaris Airlines,\N,WCP,WHITECAP,United States,N
FF,Airshop,\N,,,Netherlands,N
FF,Tower Air,\N,TOW,TEE AIR,United States,N
FF,Fly France,Fly France,FRF,,France,Y
FG,Ariana Afghan Airlines,\N,AFG,ARIANA,Afghanistan,Y
FH,Futura International Airways,\N,FUA,FUTURA,Spain,N
FH,FlyHigh Airlines Ireland (FH),,FHI,FLYHIRELAND,Ireland,Y
FI,Icelandair,\N,ICE,ICEAIR,Iceland,Y
FJ,Air Pacific,\N,FJI,PACIFIC,Fiji,Y
FK,Africa West,\N,WTA,WEST TOGO,Togo,Y
FL,AirTran Airways,\N,TRS,CITRUS,United States,Y
FM,Shanghai Airlines,\N,CSH,SHANGHAI AIR,China,Y
FN,Regional Airlines,\N,,,Morocco,Y
FO,Airlines Of Tasmania,\N,ATM,AIRTAS,Australia,Y
FP,Freedom Air,\N,FRE,FREEDOM,United States,Y
FQ,Thomas Cook Airlines,\N,TCW,THOMAS COOK,Belgium,Y
FR,Ryanair,\N,RYR,RYANAIR,Ireland,Y
FS,Servicios de Transportes A,\N,STU,FUEGUINO,Argentina,Y
FT,Siem Reap Airways,\N,SRH,SIEMREAP AIR,Cambodia,Y
FU,Felix Airways,,FXX,,Yemen,Y
FV,Rossiya-Russian Airlines,Pulkovo Aviation Enterprise,SDM,PULKOVO,Russia,Y
FW,Ibex Airlines,\N,IBX,IBEX,Japan,Y
FX,Federal Express,\N,FDX,FEDEX,United States,N
FX,FOX Linhas Aereas,,FOX,,Brazil,Y
FY,Firefly,\N,FFM,FIREFLY,Malaysia,Y
FY,Northwest Regional Airlines,\N,NWR,,Australia,N
FZ,Fly Dubai,,FDB,,United Arab Emirates,Y
G0,Ghana International Airlines,\N,GHB,GHANA AIRLINES,Ghana,Y
G1,Gorkha Airlines,\N,IKA,GORKHA AIRLINES,Nepal,N
G1,Indya Airline Group,Indya1,IG1,Indya1,India,Y
G2,Avirex,\N,VXG,AVIREX-GABON,Gabon,N
G3,City Connexion Airlines,\N,CIX,CONNEXION,Burundi,Y
G3,Gol Transportes Aéreos,\N,GLO,GOL TRANSPORTE,Brazil,Y
G3,Sky Express,\N,SEH,AIR CRETE,Greece,Y
G4,Allegiant Air,\N,AAY,ALLEGIANT,United States,Y
G5,Huaxia,HUAXIA,\N,,China,Y
G6,Guine Bissaur Airlines,\N,BSR,BISSAU AIRLINES,Guinea-Bissau,N
G6,Air Volga,,\N,GOUMRAK,Russia,Y
G7,Gandalf Airlines,\N,GNF,Gandalf,Italy,N
G7,GoJet Airlines,\N,GJS,GATEWAY,United States,Y
G8,Air Service Gabon,\N,AGB,,Gabon,N
G8,Enkor JSC,\N,ENK,ENKOR,Russia]],N
G8,Go Air,\N,GOW,GOAIR,India,Y
G8,Gujarat Airways,\N,GUJ,GUJARATAIR,India,N
G9,Air Arabia,\N,ABY,ARABIA,United Arab Emirates,Y
GA,Garuda Indonesia,\N,GIA,INDONESIA,Indonesia,Y
GB,Airborne Express,\N,ABX,ABEX,United States,N
GB,ABX Air,\N,ABX,ABEX,United States,N
GB,BRAZIL AIR,BRAZIL AIR,BZE,BRAZIL AIR,Brazil,Y
GC,Gambia International Airlines,\N,GNR,GAMBIA INTERNATIONAL,Gambia,N
GC,Lina Congo,,\N,,Congo (Brazzaville),N
GD,Air Alpha Greenland,\N,AHA,AIR ALPHA,Denmark,N
GD,GoDutch,,GOD,,Netherlands,N
GE,TransAsia Airways,\N,TNA,TransAsia,Taiwan,Y
GF,Gulf Air Bahrain,\N,GBA,GULF BAHRAIN,Bahrain,Y
GG,Air Guyane,\N,GUY,GREEN BIRD,French Guiana,Y
GG,Air Comores International,\N,HAH,AIR COMORES,Comoros,N
GG,Cargo 360,\N,GGC,LONG-HAUL,United States,N
GH,Globus,,GLP,,Russia,Y
GI,Itek Air,\N,IKA,ITEK-AIR,Kyrgyzstan,Y
GJ,Compania Mexicargo,\N,MXC,MEXICARGO,Mexico,N
GJ,Eurofly Service,\N,EEU,EUROFLY,Italy,Y
GK,Go One Airways,\N,,,United Kingdom,N
GK,Genesis,,\N,,Pakistan,Y
GL,Air Greenland,\N,GRL,GREENLAND,Denmark,Y
GL,Miami Air International,\N,BSK,BISCAYNE,United States,N
GM,Air Slovakia,\N,SVK,SLOVAKIA,Slovakia,N
GM,Flitestar,,===,,South Africa,N
GM,German International Air Lines,Germanair,GER,,Germany,Y
GN,Air Gabon,\N,AGN,GOLF NOVEMBER,Gabon,N
GN,GNB Linhas Aereas,,\N,,Brazil,Y
GO,Kuzu Airlines Cargo,\N,KZU,KUZU CARGO,Turkey,Y
GP,Gestair,\N,GES,GESTAIR,Spain,N
GP,Palau Trans Pacific Airline,\N,PTP,TRANS PACIFIC,Palau,N
GP,Gadair European Airlines,,GDR,GADAIR,Spain,Y
GQ,Big Sky Airlines,\N,BSY,BIG SKY,United States,N
GR,Aurigny Air Services,\N,AUR,AYLINE,United Kingdom,Y
GR,Gemini Air Cargo,\N,GCO,GEMINI,United States,N
GS,Air Foyle,\N,UPA,FOYLE,United Kingdom,Y
GS,Grant Aviation,\N,GUN,HOOT,United States,N
GT,GB Airways,\N,GBL,GEEBEE AIRWAYS,United Kingdom,Y
GU,Gulisano airways,,GU1,,Italy,N
GV,Aero Flight,\N,ARF,Aero Fox,Germany,Y
GW,Kuban Airlines,\N,KIL,AIR KUBAN,Russia,Y
GX,Jetx Airlines,\N,JXX,JETBIRD,Iceland,N
GX,Pacificair,\N,,,Philippines,N
GX,GREAT LAKES (GX),,\N,,Canada,N
GX,GermanXL,,GXG,,Germany,Y
GY,Guyana Airways 2000,\N,,,,N
GY,Tri-MG Intra Asia Airlines,\N,TMG,TRILINES,Indonesia,N
GY,Gabon Airlines,\N,GBK,GABON AIRLINES,Gabon,Y
GZ,Air Rarotonga,\N,RAR,,Cook Islands,Y
H1,Hankook Air US,,HA1,,United States,Y
H2,Sky Airline,\N,SKU,AEROSKY,Chile,Y
H3,THREE,,T33,,China,N
H3,Harbour Air (Priv),,\N,,Canada,Y
H4,Héli Sécurité Helicopter Airlines,\N,,,France,N
H4,Inter Islands Airlines,\N,IIN,,Cape Verde,N
H5,Hola Airlines,\N,HOA,HOLA,Spain,N
H5,Mavial Magadan Airlines,\N,MVL,Mavial,Russia,N
H5,I-Fly,,RSY,RUSSIAN SKY,Russia,Y
H6,Hageland Aviation Services,\N,HAG,HAGELAND,United States,Y
H7,Eagle Air,\N,,,Uganda,Y
H8,Dalavia,\N,KHB,DALAVIA,Russia,Y
H9,Air D'Ayiti,\N,HAD,HAITI AVIA,Haiti,N
H9,Izair,\N,IZM,IZMIR,Turkey,N
H9,PEGASUS AIRLINES-,,\N,,Turkey,Y
HA,Hawaiian Airlines,\N,HAL,HAWAIIAN,United States,Y
HB,Harbor Airlines,\N,HAR,HARBOR,United States,N
HC,Aero-Tropics Air Services,\N,ATI,,Australia,N
HC,Himalayan Airlines,Himalaya,HYM,Himalayan,Nepal,Y
HD,Hokkaido International Airlines,\N,ADO,AIR DO,Japan,Y
HE,Luftfahrtgesellschaft Walter,\N,LGW,WALTER,Germany,Y
HF,Hapagfly,\N,HLF,HAPAG LLOYD,Germany,Y
HG,Niki,\N,NLY,FLYNIKI,Austria,Y
HH,Hope Air,\N,,HOPE AIR,Canada,N
HH,Air Hamburg (AHO),,AHO,Air Hamburg,Germany,Y
HI,Papillon Grand Canyon Helicopters,,\N,,United States,Y
HJ,Asian Express Airlines,\N,AXF,FREIGHTEXPRESS,Australia,N
HK,Four Star Aviation / Four Star Cargo,\N,FSC,FOUR STAR,United States,N
HK,Yangon Airways,,\N,Hotel Kilo,Burma,Y
HM,Air Seychelles,\N,SEY,SEYCHELLES,Seychelles,Y
HN,Heavylift Cargo Airlines,\N,HVY,HEAVY CARGO,Australia,N
HN,Hankook Airline,,HNX,HNX,South Korea,Y
HO,Antinea Airlines,\N,DJA,ANTINEA,Algeria,N
HO,Juneyao Airlines,\N,DKH,JUNEYAO AIRLINES,China,Y
HP,America West Airlines,\N,AWE,CACTUS,United States,Y
HP,Hawaiian Pacific Airlines,\N,,,United States,N
HP,Pearl Airways,\N,HPA,PEARL AIRWAYS,Haiti,N
HP,Phoenix Airways,\N,,,Switzerland,N
HQ,Harmony Airways,\N,HMY,HARMONY,Canada,N
HQ,HQ- Business Express,,\N,BizEx,United States,N
HR,China United Airlines,\N,CUA,LIANHANG,China,Y
HR,Hahn Air,\N,HHN,ROOSTER,Germany,N
HT,Aeromist-Kharkiv,\N,AHW,AEROMIST,Ukraine,N
HT,Hellenic Imperial Airways,,IMP,IMPERIAL,Greece,Y
HU,Hainan Airlines,\N,CHH,HAINAN,China,Y
HV,Transavia Holland,\N,TRA,TRANSAVIA,Netherlands,Y
HW,Hello,\N,FHE,FLYHELLO,Switzerland,Y
HW,North-Wright Airways,\N,NWL,NORTHWRIGHT,Canada,N
HX,Hong Kong Airlines,\N,CRK,BAUHINIA,Hong Kong SAR of China,Y
HY,Uzbekistan Airways,\N,UZB,UZBEK,Uzbekistan,Y
HZ,Sat Airlines,\N,SOZ,SATCO,Kazakhstan,Y
I2,Iberia Express,,IBS,,Spain,Y
I3,ATA Airlines (Iran),هواپیمایی آتا,\N,ATALAR,Iran,Y
I4,Interstate Airline,\N,FWA,FREEWAYAIR,Netherlands,N
I4,International AirLink,,\N,,Jamaica,Y
I5,Indonesia Sky,,IDS,,Indonesia,Y
I6,Sky Eyes,\N,SEQ,SKY EYES,Thailand,N
I6,MexicanaLink,,MXI,LINK,Mexico,Y
I7,Paramount Airways,\N,PMW,PARAWAY,India,Y
I8,IzAvia,,\N,,Russia,Y
I9,Air Italy,\N,AEY,AIR ITALY,Italy,Y
I9,Indigo,\N,IBU,INDIGO BLUE,United States,Y
IA,Iraqi Airways,\N,IAW,IRAQI,Iraq,Y
IB,Iberia Airlines,\N,IBE,IBERIA,Spain,Y
IC,Indian Airlines,\N,IAC,INDAIR,India,Y
ID,Interlink Airlines,\N,ITK,INTERLINK,South Africa,Y
IE,Solomon Airlines,\N,SOL,SOLOMON,Solomon Islands,Y
IF,Islas Airways,\N,ISW,PINTADERA,Spain,Y
IG,Meridiana,\N,ISS,MERAIR,Italy,Y
IH,Falcon Aviation,\N,,,Sweden,N
IH,Falcon Air (IH),,\N,,Sweden,N
II,IBC Airways,\N,CSQ,CHASQUI,United States,N
II,LSM International ,Moskva-air,UWW,moose,Russia,Y
IJ,Great Wall Airlines,\N,GWL,GREAT WALL,China,N
IJ,InteliJet Airways,\N,IJT,INTELIJET,Colombia,N
IJ,Transport Aérien Transrégional,TAT,\N,,France,N
IJ,AirLiberté,,\N,,France,N
IJ,T.A.T,,\N,,France,N
IJ,Spring Airlines Japan,,SJO,,Japan,Y
IK,Imair Airlines,\N,ITX,IMPROTEX,Azerbaijan,Y
IK,Lankair,\N,LKN,Lankair,Sri Lanka,N
IL,Illinois Airways,,ILW,,United States,N
IL,Fly Illi,,ILY,,United States,N
IM,Menajet,\N,MNJ,MENAJET,Lebanon,N
IN,MAT Macedonian Airlines,\N,MAK,MAKAVIO,Macedonia,Y
IO,Indonesian Airlines,\N,IAA,INDO LINES,Indonesia,Y
IP,Atyrau Air Ways,\N,JOL,EDIL,Kazakhstan,N
IP,Island Spirit,,ISX,,Iceland,Y
IQ,Augsburg Airways,\N,AUB,AUGSBURG-AIR,Germany,Y
IR,Iran Air,\N,IRA,IRANAIR,Iran,Y
IS,Island Airlines,\N,,,United States,Y
IT,Kingfisher Airlines,\N,KFR,KINGFISHER,India,Y
IV,Wind Jet,\N,JET,GHIBLI,Italy,Y
IW,AOM French Airlines,\N,AOM,French Lines,France,N
IW,Wings Air,\N,WON,WINGS ABADI,Indonesia,Y
IX,Air India Express,\N,AXB,EXPRESS INDIA,India,Y
IY,Yemenia,\N,IYE,YEMENI,Yemen,Y
IZ,Arkia Israel Airlines,\N,AIZ,ARKIA,Israel,Y
J1,OneJet,,\N,,United States,Y
J2,Azerbaijan Airlines,\N,AHY,AZAL,Azerbaijan,Y
J3,Northwestern Air,\N,PLR,POLARIS,Canada,Y
J4,Buffalo Airways,\N,BFL,BUFFALO,Canada,N
J4,ALAK,,\N,,Russia,Y
J5,Alaska Seaplane Service,,\N,,United States,Y
J6,AVCOM,\N,AOC,AERO AVCOM,Russia,N
J7,Centre-Avia,\N,CVC,AVIACENTRE,Russia,N
J7,ValueJet,,VJA,CRITTER,United States,N
J7,Denim Air ,FlyNonstop,\N,DNM,Norway,Y
J8,Berjaya Air,\N,BVT,BERJAYA,Malaysia,Y
J9,Guinee Airlines,\N,GIF,GUINEE AIRLINES,Guinea,N
J9,Jazeera Airways,\N,JZR,JAZEERA,Kuwait,Y
JA,Air Bosna,\N,BON,AIR BOSNA,Bosnia and Herzegovina,Y
JA,B&H Airlines,\N,BON,Air Bosna,Bosnia and Herzegovina,N
JB,Helijet,\N,JBA,HELIJET,Canada,Y
JC,JAL Express,\N,JEX,JANEX,Japan,Y
JD,Japan Air System,,JAS,Air System,Japan,Y
JE,Mango,\N,MNO,TULCA,South Africa,Y
JF,Jetairfly,\N,JAF,BEAUTY,Belgium,Y
JF,L.A.B. Flying Service,\N,LAB,LAB,United States,N
JG,Jetgo Australia,,\N,,Australia,Y
JH,Nordeste Linhas Aereas Regionais,\N,NES,NORDESTE,Brazil,N
JH,Fuji Dream Airlines,,\N,FUJI DREAM,Japan,Y
JI,Midway Airlines,\N,MDW,MIDWAY,United States,Y
JJ,TAM Brazilian Airlines,\N,TAM,TAM,Brazil,Y
JK,Spanair,\N,JKK,SPANAIR,Spain,Y
JL,Japan Airlines,JAL Japan Airlines,JAL,JAPANAIR,Japan,Y
JL,Japan Airlines Domestic,\N,JAL,J-BIRD,Japan,Y
JM,Air Jamaica,\N,AJM,JAMAICA,Jamaica,Y
JN,Excel Airways,\N,XLA,EXPO,United Kingdom,Y
JO,JALways,\N,JAZ,JALWAYS,Japan,Y
JP,Adria Airways,\N,ADR,ADRIA,Slovenia,Y
JQ,Jetstar Airways,\N,JST,JETSTAR,Australia,Y
JR,Aero California,\N,SER,AEROCALIFORNIA,Mexico,N
JR,Joy Air,,JOY,JOY AIR,China,Y
JS,Air Koryo,\N,KOR,AIR KORYO,Democratic People's Republic of Korea,Y
JT,Lion Mentari Airlines,\N,LNI,LION INTER,Indonesia,Y
JU,Jat Airways,\N,JAT,JAT,Serbia,N
JU,Air Serbia,\N,ASL,AIR SERBIA,Serbia,Y
JV,Bearskin Lake Air Service,\N,BLS,BEARSKIN,Canada,Y
JW,Arrow Air,\N,APW,BIG A,United States,Y
JX,Jett8 Airlines Cargo,\N,JEC,,Singapore,N
JX,Jusur airways,,JSR,,Egypt,Y
JY,Air Turks and Caicos,\N,TCI,KERRMONT,Turks and Caicos Islands,N
JY,Aereonautica militare,,AXZ,,Italy,Y
JZ,Skyways Express,\N,SKX,SKY EXPRESS,Sweden,Y
K1,Kostromskie avialinii,,KOQ,,Russia,Y
K2,Eurolot,\N,ELO,EUROLOT,Poland,Y
K3,Atlantic Air Cargo,,\N,,United States,N
K4,Kalitta Air,\N,CKS,CONNIE,United States,N
K5,Aban Air,\N,ABE,ABAN,Iran,n
K5,Wings of Alaska,\N,WAK,WINGS ALASKA,United States,N
K5,SeaPort Airlines,,SQH,SASQUATCH,United States,Y
K6,Bravo Air Congo,\N,BRV,BRAVO,Democratic Republic of the Congo,N
K6,Cambodia Angkor Air (K6),,\N,,Cambodia,Y
K7,KoralBlue Airlines,,KBR,KORAL BLUE,Egypt,Y
K8,Airlink Zambia,\N,ZAK,,Zambia,N
K8,Zambia Skyways,,\N,ZAMBIA SKIES,Zambia,Y
K9,Krylo Airlines,\N,KRI,Krylo,Russia,N
KA,Dragonair,\N,HDA, Hong Kong Dragon Airlines,DRAGON,Y
KB,Druk Air,\N,DRK,ROYAL BHUTAN,Bhutan,Y
KC,Air Astana,\N,KZR,ASTANALINE,Kazakhstan,Y
KD,KD Avia,\N,KNI,KALININGRAD AIR,Russia,Y
KE,Korean Air,\N,KAL,KOREANAIR,Republic of Korea,Y
KF,Blue1,\N,BLF,BLUEFIN,Finland,Y
KG,LAI - Linea Aerea IAACA,\N,BNX,AIR BARINAS,Venezuela,N
KG,Royal Airways,Royal Inc.,RAW,RAW,United States,Y
KH,Cook Island Air,,\N,,Cook Islands,N
KH,Kharkiv Airlines,,KHK,,Ukraine,Y
KI,Air Atlantique,\N,AAG,ATLANTIC,United Kingdom,N
KI,Adam Air,\N,DHI,ADAM SKY,Indonesia,Y
KJ,British Mediterranean Airways,\N,LAJ,BEE MED,United Kingdom,Y
KK,Atlasjet,\N,KKK,ATLASJET,Turkey,Y
KL,KLM Royal Dutch Airlines,\N,KLM,KLM,Netherlands,Y
KM,Air Malta,\N,AMC,AIR MALTA,Malta,Y
KN,China United,,\N,,China,Y
KO,Alaska Central Express,\N,AER,ACE AIR,United States,Y
KP,Kiwi International Air Lines,\N,KIA,KIWI AIR,United States,N
KP,Air Cape,,\N,,South Africa,N
KP,Dense Airways,,DWA,DENSE,United States,Y
KQ,Kenya Airways,\N,KQA,KENYA,Kenya,Y
KR,Comores Airlines,\N,CWK,CONTICOM,Comoros,Y
KS,Peninsula Airways,\N,PEN,PENINSULA,United States,Y
KT,California Western,,CWS,,United States,N
KT,VickJet,,VKJ,Vickjet,France,Y
KU,Kuwait Airways,\N,KAC,KUWAITI,Kuwait,Y
KV,Kavminvodyavia,\N,MVD,AIR MINVODY,Russia,Y
KW,Carnival Air Lines,,\N,Carnival Air,United States,Y
KX,Cayman Airways,\N,CAY,CAYMAN,Cayman Islands,Y
KY,Air S,\N,EQL,EQUATORIAL,Air S,N
KY,Kibris T,\N,KYV,AIRKIBRIS,Turkey,N
KY,KSY,Kreta Sky,KSY,KSY,Greece,Y
KZ,Nippon Cargo Airlines,\N,NCA,NIPPON CARGO,Japan,N
KZ,Dense Connection,,DC2,DC2,United States,Y
L1,Lufthansa Systems,\N,,,Germany,N
L1,All Argentina,All Argentina,AL1,,Argentina,Y
L2,Lynden Air Cargo,\N,LYC,LYNDEN,United States,N
L3,DHL de Guatemala,\N,JOS,,Guatemala,N
L3,LTU Austria,\N,LTO,BILLA TRANSPORT,Austria,Y
L4,Luchsh Airlines ,Air luch,LJJ,russian sky,Russia,Y
L5,Lufttransport,\N,LTR,LUFT TRANSPORT,Norway,Y
L6,Mauritania Airlines International,,MAI,,Mauritania,Y
L7,Laoag International Airlines,\N,LPN,LAOAG AIR,Philippines,N
L7,Linea Aerea SAPSA,\N,LNP,SAPSA,Chile,N
L7,Lugansk Airlines,,\N,ENTERPRISE LUHANSK,Ukraine,Y
L8,Air Luxor GB,\N,LXG,LUXOR GOLF,Guinea-Bissau,N
L8,Line Blue,,LBL,Bluebird,Germany,Y
L9,Teamline Air,\N,TLW,Teamline,Austria,N
L9,All Asia,All Asia,AL3,,China,Y
LA,LAN Airlines,\N,LAN,LAN,Chile,Y
LB,Lloyd Aereo Boliviano,\N,LLB,LLOYDAEREO,Bolivia,N
LB,Air Costa,,\N,,India,Y
LC,Varig Log,\N,VLO,VELOG,Brazil,Y
LD,Air Hong Kong,\N,AHK,AIR HONG KONG,Hong Kong,N
LD,Linea Turistica Aerotuy,\N,TUY,AEREOTUY,Venezuela,N
LE,Liberty Airways,,LTY,,United States,Y
LF,FlyNordic,\N,NDC,NORDIC,Sweden,Y
LG,Luxair,\N,LGL,LUXAIR,Luxembourg,Y
LH,Lufthansa,\N,DLH,LUFTHANSA,Germany,Y
LH,Lufthansa Cargo,\N,GEC,LUFTHANSA CARGO,Germany,Y
LI,Leeward Islands Air Transport,\N,LIA,LIAT,Antigua and Barbuda,Y
LJ,Sierra National Airlines,\N,SLA,SELAIR,Sierra Leone,N
LJ,Jin Air,,JNA,Jin Air,South Korea,Y
LK,Air Luxor,\N,LXR,AIRLUXOR,Portugal,Y
LL,Allegro,\N,GRO,ALLEGRO,Mexico,N
LM,Linhas A,\N,LAM,MOZAMBIQUE,Mozambique,Y
LM,Livingston,\N,LVG,LIVINGSTON,Italy,N
LN,Libyan Arab Airlines,\N,LAA,LIBAIR,Libya,Y
LO,LOT Polish Airlines,\N,LOT,POLLOT,Poland,Y
LP,LAN Peru,\N,LPE,LANPERU,Peru,Y
LQ,Lebanese Air Transport,\N,LAQ,LAT,Lebanon,N
LQ,LCM AIRLINES,,LMM,,Russia,Y
LR,LACSA,\N,LRC,LACSA,Costa Rica,Y
LS,Jet2.com,\N,EXS,CHANNEX,United Kingdom,Y
LT,LTU International,\N,LTU,LTU,Germany,N
LT,Air Lituanica,Air Lituanica,LTU,LITUANICA,Lithuania,Y
LU,LAN Express,\N,LXP,LANEX,Chile,Y
LV,Albanian Airlines,\N,LBC,ALBANIAN,Albania,Y
LW,Pacific Wings,\N,NMI,TSUNAMI,United States,Y
LX,Swiss International Air Lines,Swiss Airlines,SWR,SWISS,Switzerland,Y
LY,El Al Israel Airlines,\N,ELY,ELAL,Israel,Y
LZ,Balkan Bulgarian Airlines,\N,,,,Y
M0,Aero Mongolia,\N,MNG,AERO MONGOLIA,Mongolia,N
M1,Maryland Air,Maryland,M1F,Maryland Flight,United States,Y
M2,Mahfooz Aviation,\N,MZS,MAHFOOZ,Gambia,N
M2,MHS Aviation GmbH,,\N,,Germany,Y
M3,ABSA - Aerolinhas Brasileiras,\N,TUS,ABSA Cargo,Brazil,Y
M3,Air Service,\N,SPJ,AIR SKOPJE,Macedonia,N
M3,North Flying,\N,NFA,NORTH FLYING,Denmark,N
M4,Nova Airline,\N,NOV,NOVANILE,Sudan,N
M4,Marysya Airlines,MARYSYA AIRLINES,1QA,MARSHAK AIR,Russia,Y
M5,Kenmore Air,\N,KEN,KENMORE,United States,Y
M6,Amerijet International,\N,AJT,AMERIJET,United States,N
M7,MasAir,\N,MAA,MAS CARGA,Mexico,Y
M7,Marsland Aviation,\N,MSL,MARSLANDAIR,Sudan,N
M7,Tropical Airways,\N,TBG,,Haiti,N
M8,Trans Maldivian Airways,,TMW,,Maldives,N
M8,TransNusa Air,,TNU,TRANSNUSA,Indonesia,Y
M9,Motor Sich,\N,MSI,MOTOR SICH,Ukraine,Y
MA,Malév,\N,MAH,MALEV,Hungary,Y
MB,Execair Aviation,\N,EXA,CANADIAN EXECAIRE,Canada,N
MB,MNG Airlines,\N,MNB,BLACK SEA,Turkey,Y
MC,Air Mobility Command,\N,RCH,REACH,United States,N
MD,Air Madagascar,\N,MDG,AIR MADAGASCAR,Madagascar,Y
ME,Middle East Airlines,\N,MEA,CEDAR JET,Lebanon,Y
MF,Xiamen Airlines,\N,CXA,XIAMEN AIR,China,Y
MG,Champion Air,\N,CCP,CHAMPION AIR,United States,N
MH,Malaysia Airlines,\N,MAS,MALAYSIAN,Malaysia,Y
MI,SilkAir,\N,SLK,SILKAIR,Singapore,Y
MJ,L,\N,LPR,LAPA,Argentina,Y
MK,Air Mauritius,\N,MAU,AIRMAURITIUS,Mauritius,Y
ML,African Transport Trading and Investment Company,\N,,,Sudan,N
ML,Maldivo Airlines,,MAV,Maldivo,Maldives,Y
MM,Peach Aviation,,\N,Air Peach,Japan,Y
MN,Comair,\N,CAW,COMMERCIAL,South Africa,Y
MO,Abu Dhabi Amiri Flight,\N,AUH,SULTAN,United Arab Emirates,Y
MO,Calm Air,\N,CAV,CALM AIR,Canada,N
MP,Martinair,\N,MPH,MARTINAIR,Netherlands,Y
MQ,American Eagle Airlines,\N,EGF,EAGLE FLIGHT,United States,Y
MR,Air Mauritanie,\N,MRT,MIKE ROMEO,Mauritania,N
MR,Homer Air,Homer Sky,OME,,Germany,Y
MS,Egyptair,\N,MSR,EGYPTAIR,Egypt,Y
MT,Thomas Cook Airlines,\N,TCX,KESTREL,United Kingdom,Y
MU,China Eastern Airlines,\N,CES,CHINA EASTERN,China,Y
MV,Armenian International Airways,\N,RML,,Armenia,N
MW,Maya Island Air,\N,MYD,MYLAND,Belize,Y
MX,Mexicana de Aviaci,\N,MXA,MEXICANA,Mexico,Y
MY,Maxjet Airways,\N,MXJ,MAX-JET,United States,N
MY,Midwest Airlines (Egypt),\N,MWA,,Egypt,Y
MZ,Merpati Nusantara Airlines,\N,MNA,MERPATI,Indonesia,Y
N0,Norte Lineas Aereas,NORTE,\N,,Argentina,Y
N1,N1,,\N,,Peru,Y
N2,Dagestan Airlines,\N,DAG,DAGAL,Russia,N
N2,Kabo Air,\N,QNK,KABO,Nigeria,N
N3,Omskavia Airline,\N,OMS,OMSK,Russia,N
N4,Mountain Air Company,\N,MTC,MOUNTAIN LEONE,Sierra Leone,N
N4,National Airlines,\N,NCN,,Chile,N
N4,Minerva Airlines,,\N,,Italy,N
N4,Regionalia México,Regionalia México,J88,,Mexico,Y
N5,Kyrgyz Airlines,\N,KGZ,BERMET,Kyrgyzstan,N
N5,Skagway Air Service,\N,SGY,SKAGWAY AIR,United States,Y
N6,Lagun Air,\N,JEV,,Spain,N
N6,Nuevo Continente,\N,ACQ,AERO CONTINENTE,Peru,N
N6,Aerocontinente (Priv),,\N,,Peru,N
N7,National Airlines,\N,ROK,RED ROCK,United States,N
N7,All Spain,All Spain,N77,,Spain,Y
N8,Fika Salaama Airlines,\N,HGK,SALAAMA,Uganda,N
N8,National Air Cargo,,NCR,,United States,Y
N9,North Coast Aviation,\N,,,Papua New Guinea,N
N9,All Europe,All Europe,N99,,United Kingdom,Y
NA,National Airlines,\N,NAL,NATIONAL,United States,N
NA,Al-Naser Airlines,,\N,,Iraq,Y
NB,Sterling Airlines,\N,SNB,STERLING,Denmark,Y
NC,National Jet Systems,\N,NJS,NATIONAL JET,Australia,Y
NC,Northern Air Cargo,\N,NAC,YUKON,United States,N
NE,SkyEurope,\N,ESK,RELAX,Slovakia,Y
NF,Air Vanuatu,\N,AVN,AIR VAN,Vanuatu,Y
NG,Lauda Air,\N,LDA,LAUDA AIR,Austria,Y
NH,All Nippon Airways,ANA All Nippon Airways,ANA,ALL NIPPON,Japan,Y
NI,Portugalia,\N,PGA,PORTUGALIA,Portugal,Y
NJ,Nihon.jet,,\N,,Japan,N
NJ,Nordic Global Airlines,,NGB,Nordic Global,Finland,Y
NK,Spirit Airlines,\N,NKS,SPIRIT WINGS,United States,Y
NL,Shaheen Air International,\N,SAI,SHAHEEN AIR,Pakistan,Y
NM,Air Madrid,\N,DRD,ALADA AIR,Spain,Y
NM,Mount Cook Airlines,\N,NZM,MOUNTCOOK,New Zealand,N
NN,VIM Airlines,\N,MOV,MOV AIR,Russia,Y
NO,Aus-Air,\N,AUS,,Australia,N
NO,Neos,\N,NOS,MOONFLOWER,Italy,N
NO,North Pacific Airlines,,\N,,United States,N
NP,Nile Air,,NIA,NILEBIRD,Egypt,Y
NQ,Air Japan,\N,AJX,AIR JAPAN,Japan,Y
NR,Pamir Airways,\N,PIR,PAMIR,Afghanistan,N
NR,Jettor Airlines,Jettor,JTO,JETHAPPY,Hong Kong,Y
NS,Caucasus Airlines,,\N,,Georgia,Y
NT,Binter Canarias,\N,IBB,,Spain,Y
NU,Japan Transocean Air,\N,JTA,JAI OCEAN,Japan,Y
NV,Air Central,\N,CRF,AIR CENTRAL,Japan,N
NV,Naka Nihon Airlines Service,,ALS,,Japan,N
NW,Northwest Airlines,\N,NWA,NORTHWEST,United States,Y
NX,Air Macau,\N,AMU,AIR MACAO,Macao,Y
NY,Air Iceland,\N,FXI,FAXI,Iceland,Y
NZ,Air New Zealand,\N,ANZ,NEW ZEALAND,New Zealand,Y
O1,Orbit Airlines Azerbaijan,Orbit Azerbaijan,OAB,Orbitaz,Azerbaijan,Y
O2,Oceanic Airlines,\N,,,Guinea,Y
O6,Oceanair,\N,ONE,OCEANAIR,Brazil,Y
O7,Ozjet Airlines,\N,OZJ,AUSJET,Australia,Y
O8,Oasis Hong Kong Airlines,\N,OHK,OASIS,Hong Kong,Y
OA,Olympic Airlines,\N,OAL,OLYMPIC,Greece,Y
OB,Astrakhan Airlines,\N,ASZ,AIR ASTRAKHAN,Russia,Y
OC,Catovair,,\N,CATOVAIR,Mauritius,Y
OD,Zuliana de Aviacion,Zuliana,ULA,,Venezuela,N
OD,Malindo Air,,MXD,Malindo,Malaysia,Y
OE,Asia Overnight Express,\N,AOT,ASIA OVERNIGHT,Philippines,N
OE,WestAir,,\N,,United States,N
OE,WestAir Airlines,,\N,,United States,N
OE,WestAir Airlines ,,\N,,United States,N
OF,Air Finland,\N,FIF,AIR FINLAND,Finland,Y
OF,Transports et Travaux A,\N,,,,N
OG,1-2-go,fly 1-2-go,\N,,Thailand,N
OG,AirOnix,,\N,,Ukraine,Y
OH,Comair,\N,COM,COMAIR,United States,Y
OI,Orchid Airlines,,ORC,,Australia,Y
OJ,Overland Airways,\N,OLA,OVERLAND,Nigeria,Y
OK,Czech Airlines,CSA Czech Airlines,CSA,CSA-LINES,Czech Republic,Y
OL,Ostfriesische Lufttransport,\N,OLT,OLTRA,Germany,Y
OM,MIAT Mongolian Airlines,\N,MGL,MONGOL AIR,Mongolia,Y
ON,Nauru Air Corporation,\N,RON,AIR NAURU,Nauru,Y
ON,Our Airline,\N,RON,OUR AIRLINE,Nauru,N
OO,SkyWest,\N,SKW,SKYWEST,United States,Y
OP,Chalk's Ocean Airways,\N,CHK,CHALKS,United States,N
OP,Air Pegasus,,PPL,,India,Y
OQ,Chongqing Airlines,,CQN,CHONG QING,China,Y
OR,Arkefly,\N,TFL,ARKEFLY,Netherlands,Y
OS,Austrian Airlines,\N,AUA,AUSTRIAN,Austria,Y
OT,Aeropelican Air Services,\N,PEL,PELICAN,Australia,Y
OU,Croatia Airlines,\N,CTN,CROATIA,Croatia,Y
OV,Estonian Air,\N,ELL,ESTONIAN,Estonia,Y
OW,Executive Airlines,\N,EXK,EXECUTIVE EAGLE,United States,N
OX,Orient Thai Airlines,\N,OEA,ORIENT THAI,Thailand,Y
OY,Omni Air International,\N,OAE,OMNI-EXPRESS,United States,Y
OZ,Asiana Airlines,\N,AAR,ASIANA,Republic of Korea,Y
OZ,Ozark Air Lines,\N,OZR,OZARK,United States,N
P0,Proflight Commuter Services,\N,,,Zambia,Y
P4,Patriot Airways,,\N,,United States,Y
P5,AeroRep,\N,RPB,AEROREPUBLICA,Colombia,Y
P7,Russian Sky Airlines,\N,ESL,RADUGA,Russia,N
P7,Regional Paraguaya,,REP,REGIOPAR,Paraguay,Y
P8,Pantanal Linhas Aéreas,\N,PTN,PANTANAL,Brazil,N
P8,Air Mekong,,MKG,Air Mekong,Vietnam,Y
P9,Nas Air,\N,,,Mali,N
P9,Perm Airlines,\N,PGP,PERM AIR,Russia,N
P9,Peruvian Airlines,,\N,,Peru,Y
PA,Florida Coastal Airlines,\N,FCL,FLORIDA COASTAL,United States,N
PA,Pan American Airways,\N,PAA,,United States,N
PA,Pan American World Airways,\N,PAA,CLIPPER,United States,N
PA,Parmiss Airlines (IPV),,IPV,IPV,Iran,Y
PC,Air Fiji,\N,FAJ,FIJIAIR,Fiji,N
PC,Continental Airways,\N,PVV,CONTAIR,Russia,N
PC,Pegasus Airlines,\N,PGT,SUNTURK,Turkey,Y
PD,Porter Airlines,\N,POE,PORTER AIR,Canada,Y
PE,Air Europe,\N,AEL,AIR EUROPE,Italy,Y
PF,Palestinian Airlines,\N,PNW,PALESTINIAN,Egypt,N
PF,Primera Air,,\N,PRIMERA,Iceland,Y
PG,Bangkok Airways,\N,BKP,BANGKOK AIR,Thailand,Y
PH,Polynesian Airlines,\N,PAO,POLYNESIAN,Samoa,Y
PI,Piedmont Airlines (1948-1989),\N,PDT,PIEDMONT,United States,Y
PI,Sun Air (Fiji),\N,SUF,SUNFLOWER,Fiji,N
PJ,Air Saint Pierre,\N,SPM,,France,Y
PK,Pakistan International Airlines,PIA Pakistan International,PIA,PAKISTAN,Pakistan,Y
PL,Aeroper,\N,PLI,Aeroperu,Peru,Y
PL,Airstars,\N,ASE,MOROZOV,Russia,N
PM,Tropic Air,\N,TOS,TROPISER,Belize,Y
PN,West Air China,,CHB,WEST CHINA,China,Y
PO,Polar Air Cargo,\N,PAC,POLAR,United States,N
PO,FlyPortugal,,FPT,FlyPortugal,Portugal,Y
PP,Air Indus,Indus Airlines Pak,AI0,AIPL,Pakistan,Y
PQ,Panafrican Airways,\N,PNF,PANWAYS,Ivory Coast,N
PQ,LSM Airlines,slowbird,LOO,slowbird,Russia,Y
PR,Philippine Airlines,\N,PAL,PHILIPPINE,Philippines,Y
PS,Pacific Southwest Airlines,\N,PSX,SMILEY,United States,N
PS,Ukraine International Airlines,\N,AUI,UKRAINE INTERNATIONAL,Ukraine,Y
PT,Capital Cargo International Airlines,\N,CCI,CAPPY,United States,N
PT,West Air Sweden,\N,SWN,AIR SWEDEN,Sweden,N
PT,Red Jet Andes,,\N,,Peru,Y
PU,PLUNA,\N,PUA,PLUNA,Uruguay,Y
PV,PAN Air,\N,PNR,SKYJET,Spain,Y
PW,Precision Air,\N,PRF,PRECISION AIR,Tanzania,Y
PX,Air Niugini,\N,ANG,NUIGINI,Papua New Guinea,Y
PY,Surinam Airways,\N,SLM,SURINAM,Suriname,Y
PZ,TAM Mercosur,\N,LAP,PARAGUAYA,Paraguay,Y
Q2,Maldivian,,\N,ISLAND AVIATION,Maldives,Y
Q3,Zambian Airways,\N,MBN,ZAMBIANA,Zambia,N
Q3,SOCHI AIR CHATER,Sochi Air ,QER,russian doll,Russia,Y
Q4,Mastertop Linhas Aereas,\N,,,Brazil,N
Q4,SOCHI AIR EXPRESS,ADLER EXPRESS,SAE,ADLER EXPRESS,Russia,Y
Q5,40-Mile Air,\N,MLA,MILE-AIR,United States,Y
Q6,Aero Condor Peru,\N,CDP,CONDOR-PERU,Peru,Y
Q7,SkyBahamas Airlines,,\N,TROPICAL SKY,Bahamas,Y
Q8,Pacific East Asia Cargo Airlines,\N,PEC,PAC-EAST CARGO,Philippines,Y
Q9,Afrinat International Airlines,\N,AFU,,Gambia,N
Q9,Arik Niger,,NAK,,Niger,Y
QA,Click (Mexicana),,\N,,Mexico,Y
QB,Georgian National Airlines,\N,GFG,NATIONAL,Georgia,Y
QC,Air Corridor,\N,CRD,AIR CORRIDOR,Mozambique,N
QC,Camair-co,,\N,,Cameroon,Y
QD,Air Class Lineas Aereas,\N,QCL,ACLA,Uruguay,N
QD,Dobrolet,Добролёт,DOB,DOBROLET,Russia,Y
QE,Crossair Europe,\N,ECC,Cigogne,Switzerland,N
QF,Qantas,Qantas Airways,QFA,QANTAS,Australia,Y
QG,Citilink Indonesia,,\N,SUPERGREEN,Indonesia,Y
QH,Air Florida,\N,FLZ,AIR FLORIDA,United States,Y
QH,Kyrgyzstan,\N,LYN,ALTYN AVIA,Kyrgyzstan,N
QI,Cimber Air,\N,CIM,CIMBER,Denmark,Y
QJ,Jet Airways,\N,,,United States,Y
QK,Air Canada Jazz,\N,JZA,JAZZ,Canada,Y
QL,Aero Lanka,\N,RLN,AERO LANKA,Sri Lanka,Y
QM,Air Malawi,\N,AML,MALAWI,Malawi,Y
QN,Air Armenia,\N,ARR,AIR ARMENIA,Armenia,N
QN,Royal,,\N,Roy,Canada,N
QO,Aeromexpress,\N,MPX,AEROMEXPRESS,Mexico,N
QO,Origin Pacific Airways,\N,OGN,ORIGIN,New Zealand,Y
QP,Air Kenya (Priv),,\N,,Kenya,Y
QQ,Alliance Airlines,\N,UTY,UNITY,Australia,Y
QQ,Reno Air,\N,ROA,RENO AIR,United States,N
QR,Qatar Airways,\N,QTR,QATARI,Qatar,Y
QS,African Safari Airways,\N,QSC,ZEBRA,Kenya,N
QS,Travel Service,\N,TVS,SKYTRAVEL,Czech Republic,Y
QT,TAMPA,\N,TPA,TAMPA,Colombia,Y
QU,East African,\N,UGX,CRANE,Uganda,Y
QV,Lao Airlines,\N,LAO,LAO,Lao Peoples Democratic Republic,Y
QW,Blue Wings,\N,BWG,BLUE WINGS,Germany,Y
QX,Horizon Air,Horizon Airlines,QXE,HORIZON AIR,United States,Y
QY,European Air Transport,\N,BCS,EUROTRANS,Belgium,N
QY,Red Jet Canada,,\N,,Canada,Y
QZ,Indonesia AirAsia,\N,AWQ,WAGON AIR,Indonesia,Y
R0,Royal Airlines,\N,RPK,ROYAL PAKISTAN,Pakistan,N
R1,Sirin,\N,,,,N
R1,Royal Southern Airlines.,Royal Southern,RS1,RSA,Colombia,N
R2,Orenburg Airlines,\N,ORB,ORENBURG,Russia,Y
R3,Aircompany Yakutia,\N,SYL,AIR YAKUTIA,Russia,Y
R4,Rossiya,\N,,,Russia,Y
R5,Jordan Aviation,\N,JAV,JORDAN AVIATION,Jordan,N
R5,Malta Air Charter,\N,MAC,MALTA CHARTER,Malta,Y
R6,RACSA,\N,,,Guatemala,Y
R7,Aserca Airlines,\N,OCA,AROSCA,Venezuela,Y
R8,Kyrgyzstan Airlines,\N,KGA,KYRGYZ,Kyrgyzstan,N
R8,AirRussia,RussianConector,RRJ,russiancloud,Russia,Y
R9,Camai Air,\N,CAM,AIR CAMAI,United States,N
RA,Nepal Airlines,\N,RNA,ROYAL NEPAL,Nepal,Y
RA,Royal Nepal Airlines,\N,RNA,ROYAL NEPAL,Nepal,Y
RB,Air Srpska,\N,SBK,Air Srpska,Bosnia and Herzegovina,N
RB,Syrian Arab Airlines,\N,SYR,SYRIANAIR,Syrian Arab Republic,Y
RC,Atlantic Airways,\N,FLI,FAROELINE,Faroe Islands,Y
RD,Ryan International Airlines,\N,RYN,RYAN INTERNATIONAL,United States,Y
RE,Aer Arann,\N,REA,AER ARANN,Ireland,Y
RF,Florida West International Airways,\N,FWL,FLO WEST,United States,Y
RG,VRG Linhas Aereas,Varig,VRN,VARIG,Brazil,Y
RH,Republic Express Airlines,\N,RPH,PUBLIC EXPRESS,Indonesia,Y
RI,Mandala Airlines,\N,MDL,MANDALA,Indonesia,Y
RJ,Royal Jordanian,\N,RJA,JORDANIAN,Jordan,Y
RK,Air Afrique,\N,RKA,AIRAFRIC,Ivory Coast,Y
RK,Royal Khmer Airlines,\N,RKH,KHMER AIR,Cambodia,N
RL,Royal Falcon,,RFJ,,Jordan,Y
RM,Rainbow Air US,Rainbow Air US,RNY,Rainbow Air,United States,Y
RN,Rainbow Air (RAI),Rainbow Air (RAI),RAB,Rainbow,United States,Y
RO,Tarom,\N,ROT,TAROM,Romania,Y
RP,Chautauqua Airlines,\N,CHQ,CHAUTAUQUA,United States,Y
RQ,Kam Air,\N,KMF,KAMGAR,Afghanistan,Y
RR,Royal Air Force,\N,RFR,RAFAIR,United Kingdom,N
RR,Red Jet America,,\N,,United States,N
RR,REXAIR VIRTUEL,,RXR,Rexair,France,Y
RS,Intercontinental de Aviaci,\N,ICT,CONTAVIA,Colombia,N
RS,Royal Air Force of Oman,\N,MJN,MAJAN,Oman,N
RS,Sky Regional,Air Canada Express,SKV,Sky Regional,Canada,Y
RT,Real Tonga,,\N,,Tonga,Y
RU,AirBridge Cargo,\N,ABW,AIRBRIDGE CARGO,Russia,N
RU,SkyKing Turks and Caicos Airways,\N,SKI,SKYKING,Turks and Caicos Islands,N
RU,Rainbow Air Euro,Rainbow Air EU,RUE,Rainbow Air,United Kingdom,Y
RV,Caspian Airlines,\N,CPN,CASPIAN,Iran,Y
RW,Republic Airlines,\N,RPA,BRICKYARD,United States,Y
RX,Aviaexpress,\N,AEH,Avex,Hungary,N
RX,Rainbow Air Polynesia,Rainbow Air POL,RPO,Rainbow Air,United States,Y
RY,Reno Sky,,\N,,United States,N
RY,Rainbow Air Canada,Rainbow Air CAN,RAY,Rainbow CAN,Canada,Y
RZ,Euro Exec Express,\N,,,Sweden,Y
S0,Slok Air Gambia,\N,OKS,SLOK GAMBIA,Gambia,N
S0,Spike Airlines,Aero Spike,SAL,Spike Air,United States,Y
S1,Serbian Airlines,,SA1,,Serbia,Y
S2,Air Sahara,\N,RSH,SAHARA,India,Y
S3,Santa Barbara Airlines,\N,BBR,SANTA BARBARA,Venezuela,Y
S4,SATA International,\N,RZO,AIR AZORES,Portugal,Y
S5,Shuttle America,\N,TCF,MERCURY,United States,Y
S5,Trast Aero,\N,TSJ,TRAST AERO,Kyrgyzstan,N
S6,Star Air,\N,,,Denmark,N
S6,Salmon Air,,\N,,United States,Y
S7,S7 Airlines,Sibir Airlines,SBI,SIBERIAN AIRLINES,Russia,Y
S8,Chari Aviation Services,\N,CSU,CHARI SERVICE,Chad,N
S8,Shovkoviy Shlyah,\N,SWW,WAY AERO,Ukraine,N
S8,Snowbird Airlines,,SBD,,Finland,Y
S9,East African Safari Air,\N,HSA,DUMA,Kenya,N
S9,Starbow Airlines,,\N,,Ghana,Y
SA,South African Airways,SAA South African Airways,SAA,SPRINGBOK,South Africa,Y
SB,Air Caledonie International,\N,ACI,AIRCALIN,France,Y
SC,Shandong Airlines,\N,CDG,SHANDONG,China,Y
SD,Sudan Airways,\N,SUD,SUDANAIR,Sudan,Y
SE,XL Airways France,\N,SEU,STARWAY,France,Y
SF,Tassili Airlines,\N,DTH,TASSILI AIR,Algeria,N
SF,Air Charter International,,\N,,France,N
SG,JetsGo,\N,JGO,JETSGO,Canada,N
SG,Spicejet,\N,SEJ,SPICEJET,India,Y
SH,Fly Me Sweden,\N,FLY,FLYBIRD,Sweden,N
SH,TAN-SAHSA,,\N,Sierra Hotel,Honduras,N
SH,Aéris (Priv),,\N,,France,N
SH,Sharp Airlines,,SHA,SHARP,Australia,Y
SI,Skynet Airlines,\N,SIH,BLUEJET,Ireland,Y
SJ,Sriwijaya Air,\N,SJY,SRIWIJAYA,Indonesia,Y
SK,Scandinavian Airlines System,SAS Scandinavian Airlines,SAS,SCANDINAVIAN,Sweden,Y
SL,Rio Sul Servi,\N,RSL,RIO SUL,Brazil,N
SL,Thai Lion Air,,\N,,Thailand,Y
SM,Swedline Express,\N,SRL,Starline,Sweden,N
SM,Spirit of Manila Airlines,,MNP,MANILA SKY,Philippines,Y
SN,Brussels Airlines,SN Brussels Airlines,DAT,BEE-LINE,Belgium,Y
SO,Superior Aviation,\N,HKA,SPEND AIR,United States,N
SO,Sosoliso Airlines,\N,OSL,SOSOLISO,Nigeria,N
SO,Salsa d\\'Haiti,,SLC,SALSA,Haiti,Y
SP,SATA Air Acores,\N,SAT,SATA,Portugal,Y
SQ,Singapore Airlines,\N,SIA,SINGAPORE,Singapore,Y
SQ,Singapore Airlines Cargo,\N,SQC,SINGCARGO,Singapore,Y
SR,Swissair,\N,SWR,Swissair,Switzerland,Y
SS,Corsairfly,\N,CRL,CORSAIR,France,Y
ST,Germania,\N,GMI,GERMANIA,Germany,Y
SU,Aeroflot Russian Airlines,\N,AFL,AEROFLOT,Russia,Y
SV,Saudi Arabian Airlines,\N,SVA,SAUDIA,Saudi Arabia,Y
SW,Air Namibia,\N,NMB,NAMIBIA,Namibia,Y
SX,Sky Work Airlines,SkyWork,SRK,SKYFOX,Switzerland,N
SX,Skybus Airlines,\N,SKB,SKYBUS,United States,N
SX,Starling Airlines Spain,,STS,STARLING,Spain,N
SX,SkyWork Airlines ,,\N,SKYFOX,Switzerland,Y
SY,Sun Country Airlines,\N,SCX,SUN COUNTRY,United States,Y
SZ,Salzburg arrows,SZA,\N,SZA,Austria,Y
T0,TACA Peru,,\N,TACA PERU,Peru,Y
T1,TROPICAL LINHAS AEREAS,TROPICAL,TP3,,Brazil,N
T2,Thai Air Cargo,\N,TCG,THAI CARGO,Thailand,Y
T3,Eastern Airways,\N,EZE,EASTFLIGHT,United Kingdom,Y
T4,Hellas Jet,\N,HEJ,HELLAS JET,Greece,Y
T5,Turkmenistan Airlines,Turkmenhovayollary,TUA,TURKMENISTAN,Turkmenistan,Y
T6,Tavrey Airlines,\N,TVR,TAVREY,Ukraine,N
T6,Trans Pas Air,,TP6,,United States,Y
T7,Twin Jet,\N,TJT,TWINJET,France,Y
T8,TAN,,\N,,Argentina,N
T9,TransMeridian Airlines,\N,TRZ,TRANS-MERIDIAN,United States,N
T9,Thai Star Airlines,\N,TSX,THAI STAR,Thailand,N
TA,Grupo TACA,TACA,TAT,TACA-COSTARICA,Costa Rica,Y
TB,TUI Airlines Belgium,now Jetairlfy,TUB,BEAUTY,Belgium,N
TB,TrasBrasil,,TBZ,,Brazil,Y
TC,Air Tanzania,\N,ATC,TANZANIA,Tanzania,Y
TD,Atlantis European Airways,\N,LUR,,Armenia,Y
TD,Tulip Air,\N,TLP,TULIPAIR,Netherland,N
TE,FlyLal,\N,LIL,LITHUANIA AIR,Lithuania,Y
TF,Malmö Aviation,\N,SCW,Scanwings,Sweden,Y
TG,Thai Airways International,\N,THA,THAI,Thailand,Y
TH,BA Connect,\N,,,United Kingdom,N
TH,Transmile Air Services,\N,TSE,TRANSMILE,Malaysia,N
TH,TransBrasil Airlines,,THS,,Brazil,Y
TI,Tol-Air Services,\N,TOL,TOL AIR,United States,N
TI,TransHolding,Trans,THI,,Brazil,Y
TJ,Transportes Aéreos Nacionales de Selva,,\N,Aereos Selva,Peru,N
TJ,T.J. Air,,TJA,T.J. Air,United States,Y
TK,Turkish Airlines,\N,THY,TURKAIR,Turkey,Y
TL,Airnorth,\N,ANO,TOPEND,Australia,Y
TL,Trans Mediterranean Airlines,\N,TMA,TANGO LIMA,Lebanon,Y
TM,Air Mozambique,,\N,,Mozambique,Y
TN,Air Tahiti Nui,\N,THT,TAHITI AIRLINES,France,Y
TO,President Airlines,null,PSD,,Cambodia,N
TO,Transavia France,,TVF,FRENCH SUN,France,Y
TP,TAP Portugal,TAP Air Portugal,TAP,AIR PORTUGAL,Portugal,Y
TQ,Tandem Aero,\N,TDM,TANDEM,Moldova,N
TQ,Texas Wings,,TXW,TXW,United States,Y
TR,Tiger Airways,\N,TGW,GO CAT,Singapore,Y
TS,Air Transat,\N,TSC,TRANSAT,Canada,Y
TT,Air Lithuania,\N,KLA,KAUNAS,Lithuania,N
TT,Tiger Airways Australia,\N,TGW,GO CAT,Australia,Y
TU,Tunisair,\N,TAR,TUNAIR,Tunisia,Y
TV,Virgin Express,\N,VEX,VIRGIN EXPRESS,Belgium,Y
TW,Trans World Airlines,TWA,TWA,TWA,United States,N
TW,Tway Airlines,,TWB,TWAY AIR,South Korea,Y
TX,Air Caraïbes,\N,FWI,FRENCH WEST,France,Y
TY,Air Cal,\N,TPC,AIRCAL,France,N
TY,Iberworld,\N,IWD,,Spain,Y
TZ,Scoot,,SCO,,Singapore,Y
U1,AirOne Polska,AirOne Polska,1,AOC,Poland,N
U1,Aviabus,,ABI,,Russia,Y
U2,easyJet,EasyJet Airline,EZY,EASY,United Kingdom,Y
U2,United Feeder Service,\N,,,United States,N
U3,Avies,\N,AIA,AVIES,Estonia,Y
U4,PMTair,\N,PMT,MULTITRADE,Cambodia,Y
U5,USA3000 Airlines,\N,GWY,GETAWAY,United States,Y
U6,Ural Airlines,\N,SVR,SVERDLOVSK AIR,Russia,Y
U7,Northern Dene Airways,\N,,,Canada,Y
U7,USA Jet Airlines,\N,JUS,JET USA,United States,N
U8,Armavia,\N,RNV,ARMAVIA,Armenia,Y
U9,Tatarstan Airlines,\N,TAK,TATARSTAN,Russia,Y
UA,United Airlines,\N,UAL,UNITED,United States,Y
UB,Myanma Airways,\N,UBA,UNIONAIR,Myanmar,Y
UD,Hex'Air,\N,HER,HEX AIRLINE,France,Y
UE,Nasair,\N,NAS,NASAIRWAYS,Eritrea,Y
UE,Transeuropean Airlines,\N,TEP,TRANSEURLINE,Russia,N
UF,UM Airlines,\N,UKM,UKRAINE MEDITERRANEE,Ukraine,Y
UG,Tuninter,\N,TUI,,Tunisia,Y
UH,US Helicopter Corporation,\N,,,United States,Y
UI,Eurocypria Airlines,\N,ECA,EUROCYPRIA,Cyprus,Y
UJ,AlMasria Universal Airlines,,LMU,ALMASRIA,Egypt,Y
UK,buzz,\N,BUZ,\N,\N,N
UK,Air UK,,\N,,United Kingdom,N
UK,Air Vistara,Tata SIA Airlines,VTI,,India,Y
UL,SriLankan Airlines,\N,ALK,SRILANKAN,Sri Lanka,Y
UM,Air Zimbabwe,\N,AZW,AIR ZIMBABWE,Zimbabwe,Y
UN,Transaero Airlines,\N,TSO,TRANSOVIET,Russia,Y
UO,Hong Kong Express Airways,\N,HKE,HONGKONG SHUTTLE,Hong Kong SAR of China,Y
UP,Bahamasair,\N,BHS,BAHAMAS,Bahamas,Y
UQ,O'Connor Airlines,\N,OCM,OCONNOR,Australia,N
UQ,Skyjet Airlines,,SJU,SKYJET,Uganda,Y
UR,UTair-Express,,\N,,Russia,Y
US,US Airways,\N,USA,U S AIR,United States,Y
UT,UTair Aviation,\N,UTA,UTAIR,Russia,Y
UU,Air Austral,\N,REU,REUNION,France,Y
UW,UVT Aero,,\N,,Russia,Y
UX,Air Europa,\N,AEA,EUROPA,Spain,Y
UY,Cameroon Airlines,\N,UYC,CAM-AIR,Cameroon,N
UZ,El-Buraq Air Transport,\N,BRQ,BURAQAIR,Libya,Y
V0,Conviasa,\N,VCV,CONVIASA,Venezuela,Y
V1,VIA Líneas Aéreas,VIA,VIA,,Argentina,Y
V2,Karat,\N,AKT,AVIAKARAT,Russia,N
V2,Vision Airlines (V2),,RBY,RUBY,United States,Y
V3,Carpatair,\N,KRP,CARPATAIR,Romania,Y
V4,Reem Air,\N,REK,REEM AIR,Kyrgyzstan,N
V5,Avolar Aerolineas,\N,VLI,AEROVOLAR,Mexico,N
V5,Royal Aruban Airline,\N,RYL,ROYAL ARUBAN,Aruba,N
V5,Danube Wings (V5),,\N,,Slovakia,Y
V6,VIP Ecuador,,\N,,Ecuador,Y
V7,Air Senegal International,\N,SNG,AIR SENEGAL,Senegal,N
V7,VOLOTEA Airways,,VOE,,Spain,Y
V8,ATRAN Cargo Airlines,\N,VAS,ATRAN,Russian Federation,Y
V9,BAL Bashkirian Airlines,\N,BTC,BASHKIRIAN,Russia,N
V9,Star1 Airlines,,HCW,,Lithuania,Y
VA,V Australia Airlines,\N,VAU,KANGA,Australia,N
VA,Viasa,\N,,,Venezuela,N
VA,Virgin Australia,\N,VOZ,VIRGIN,Australia,Y
VB,Birmingham European,,\N,,United Kingdom,N
VB,Pacific Express,,\N,,United States,N
VC,Ocean Airlines,\N,VCX,OCEANCARGO,Italy,N
VC,Voyageur Airways,\N,VAL,VOYAGEUR,Canada,N
VC,Strategic Airlines,,\N,,Australia,Y
VD,Air Libert,\N,,,France,Y
VD,Kunpeng Airlines,\N,KPA,KUNPENG,China,N
VD,SwedJet Airways,\N,BBB,BLACKBIRD,Sweden,N
VE,Avensa,\N,AVE,Avensa,Venezuela,N
VE,EUjet,\N,EUJ,UNION JET,Ireland,N
VE,Volare Airlines,\N,VLE,VOLA,Italy,Y
VF,Valuair,\N,VLU,VALUAIR,Singapore,Y
VG,VLM Airlines,\N,VLM,RUBENS,Belgium,Y
VH,Virgin Pacific,,VNP,,Fiji,Y
VI,Volga-Dnepr Airlines,\N,VDA,VOLGA-DNEPR,Russia,Y
VJ,Jatayu Airlines,\N,JTY,JATAYU,Indonesia,N
VJ,Royal Air Cambodge,,RAC,,Cambodia,Y
VK,Virgin Nigeria Airways,\N,VGN,VIRGIN NIGERIA,Nigeria,Y
VL,Air VIA,\N,VIM,,Bulgaria,Y
VM,Viaggio Air,\N,VOA,VIAGGIO,Bulgaria,N
VN,Vietnam Airlines,\N,HVN,VIET NAM AIRLINES,Vietnam,Y
VO,Tyrolean Airways,\N,TYR,TYROLEAN,Austria,Y
VP,VASP,\N,VSP,VASP,Brazil,Y
VQ,Viking Hellas,,VKH,DELPHI,Greece,Y
VR,TACV,\N,TCV,CABOVERDE,Portugal,Y
VS,Virgin Atlantic Airways,\N,VIR,VIRGIN,United Kingdom,Y
VT,Air Tahiti,\N,VTA,AIR TAHITI,French Polynesia,Y
VU,Air Ivoire,\N,VUN,AIRIVOIRE,Ivory Coast,Y
VV,Aerosvit Airlines,\N,AEW,AEROSVIT,Ukraine,Y
VW,Aeromar,\N,TAO,TRANS-AEROMAR,Mexico,Y
VX,Virgin America,\N,VRD,REDWOOD,United States,Y
VY,Formosa Airlines,\N,FOS,,Taiwan,Y
VY,Vueling Airlines,\N,VLG,VUELING,Spain,Y
VZ,MyTravel Airways,\N,MYT,KESTREL,United Kingdom,Y
W1,World Experience Airline,WEA,WE1,WEA,Canada,Y
W2,Canadian Western Airlines,\N,CWA,CANADIAN WESTERN,Canada,N
W2,Maastricht Airlines,,\N,,Netherlands,Y
W3,Arik Air,\N,ARA,ARIK AIR,Nigeria,N
W3,World Scale Airlines,World Scale,WSS,,United States,Y
W4,Aero Services Executive,\N,BES,BIRD EXPRESS,France,N
W4,AeroWorld ,Sovet Air ,WER,sovet,Russia,Y
W5,Mahan Air,\N,IRM,MAHAN AIR,Iran,Y
W6,Wizz Air,\N,WZZ,WIZZ AIR,Hungary,Y
W7,Austral Brasil,Austral Brasil lineas aereas,\N,,Brazil,Y
W8,Cargojet Airways,\N,CJT,CARGOJET,Canada,N
W9,Abelag Aviation,\N,AAB,ABG,Belgium,N
W9,Air Bagan,\N,JAB,AIR BAGAN,Myanmar,Y
W9,Eastwind Airlines,\N,SGR,STINGER,United States,N
WA,KLM Cityhopper,\N,KLC,CITY,Netherlands,Y
WA,Western Airlines,\N,WAL,WESTERN,United States,Y
WB,Rwandair Express,\N,RWD,RWANDAIR,Rwanda,Y
WC,Islena De Inversiones,\N,ISV,,Honduras,Y
WD,DAS Air Cargo,\N,DSR,DAIRAIR,Uganda,N
WD,Amsterdam Airlines,,AAN,AMSTEL,Netherlands,Y
WE,Centurion Air Cargo,\N,CWC,CHALLENGE CARGO,United States,N
WE,Thai Smile Airways,THAI Smile,\N,THAI SMILE,Thailand,Y
WF,Widerøe,\N,WIF,WIDEROE,Norway,Y
WG,Sunwing Airlines,\N,SWG,SUNWING,Canada,N
WG,Worldways,,WGC,,Canada,N
WG,Sunwing,,\N,sunwing,Canada,Y
WH,China Northwest Airlines,\N,CNW,CHINA NORTHWEST,China,N
WH,China Northwest Airlines (WH),,\N,,China,Y
WJ,WebJet Linhas A,\N,WEB,WEB-BRASIL,Brazil,Y
WK,American Falcon,\N,AFB,AMERICAN FALCON,Argentina,N
WK,Edelweiss Air,\N,EDW,EDELWEISS,Switzerland,Y
WL,CheapFlyingInternational,CheapFlying,FQR,cheapflying,France,N
WM,Windward Islands Airways,,\N,Winair,Netherlands Antilles,Y
WN,Southwest Airlines,\N,SWA,SOUTHWEST,United States,Y
WO,World Airways,\N,WOA,WORLD,United States,Y
WP,Island Air (WP),,MKU,,United States,Y
WQ,PanAm World Airways,,PQW,,United States,Y
WR,Royal Tongan Airlines,\N,HRH,TONGA ROYAL,Tonga,N
WR,WestJet Encore,Encore,WEN,Encore,Canada,Y
WS,WestJet,\N,WJA,WESTJET,Canada,Y
WU,Wizz Air Ukraine,,WAU,WIZZAIR UKRAINE,Ukraine,Y
WV,Swe Fly,\N,SWV,FLYING SWEDE,Sweden,Y
WW,bmibaby,\N,BMI,BABY,United Kingdom,Y
WX,CityJet,\N,BCY,CITY-IRELAND,Ireland,Y
WY,Oman Air,\N,OMA,OMAN AIR,Oman,Y
WZ,Red Wings,Avialinii 400,RWZ,AIR RED,Russia,Y
X1,Nik Airways,,\N,,Saudi Arabia,N
X3,TUIfly,\N,HLX,YELLOW CAB,Germany,Y
X5,Fly Romania,,OTJ,TENDER AIR,Romania,Y
X7,Chitaavia,\N,CHF,CHITA,Russia,N
X7,Atlantic Air Services,,\N,,United States,N
X9,FRA Air,,X9F,FA,Germany,N
X9,Islands Express,,\N,,United States,N
XA,XAIR USA,,XAU,XAIR,United States,Y
XB,NEXT Brasil,NEXT,NXB,XB,Brazil,Y
XE,ExpressJet,\N,BTA,JET LINK,United States,Y
XF,Vladivostok Air,\N,VLK,VLADAIR,Russia,Y
XG,Calima Aviacion,\N,CLI,CALIMA,Spain,Y
XJ,Mesaba Airlines,\N,MES,MESABA,United States,Y
XK,Corse-Mediterranee,\N,CCM,CORSICA,France,Y
XL,Aerolane,\N,LNE,LAN ECUADOR,Ecuador,Y
XM,Alitalia Express,\N,SMX,ALIEXPRESS,Italy,Y
XN,Xpressair,,\N,,Indonesia,Y
XO,China Xinhua Airlines,\N,CXH,XINHUA,China,N
XO,LTE International Airways,\N,LTE,FUN JET,Spain,Y
XP,Xtra Airways,\N,CXP,RUBY MOUNTAIN,United States,N
XP,Caribbean Wings,,ZYZ,caribbean Wings,Turks and Caicos Islands,N
XP,XPTO,XPTO  ,XPT,XPTO,Portugal,Y
XQ,SunExpress,\N,SXS,SUNEXPRESS,Turkey,Y
XR,Skywest Australia,,\N,,Australia,Y
XS,SITA,\N,SIT,,Belgium,N
XS,Texas Spirit,,TXP,,United States,N
XT,Air Exel,\N,AXL,EXEL COMMUTER,Netherlands,Y
XV,BVI Airways,,\N,,British Virgin Islands,Y
XW,Sky Express,SkyExpress,SXR,SKYSTORM,Russia,Y
XX,Greenfly,,GFY,,Spain,Y
XY,Nas Air,\N,KNE,NAS EXPRESS,Saudi Arabia,Y
XZ,Congo Express,,\N,EXPRESSWAYS,Congo (Kinshasa),Y
Y0,Yellow Air Taxi,,\N,,United States,N
Y1,Yellowstone Club Private Shuttle,,\N,YCS,United States,Y
Y4,Volaris,\N,VOI,VOLARIS,Mexico,Y
Y5,Pace Airlines,\N,PCE,PACE,United States,N
Y5,Asia Wings,,AWA,,Kazakhstan,Y
Y7,NordStar Airlines,,\N,,Russia,Y
Y8,Yangtze River Express,\N,YZR,YANGTZE RIVER,China,N
Y8,Marusya Airways,Marusya Air,MRS,snowball,Russia,Y
Y9,Kish Air,\N,IRK,KISHAIR,Iran,Y
YC,Ciel Canadien,,YCC,Ciel,Canada,Y
YD,Gomelavia,,\N,,Belarus,Y
YE,Yellowtail,,YEL,,United States,Y
YH,Yangon Airways Ltd.,,\N,,Burma,Y
YI,TUR Avrupa Hava YollarÄ±,TUR European Airways,\N,TurAvrupa,Turkey,N
YK,Cyprus Turkish Airlines,\N,,,Turkey,Y
YL,Yamal Airlines,\N,LLM,YAMAL,Russia,Y
YM,Montenegro Airlines,\N,MGX,MONTAIR,Montenegro,Y
YO,TransHolding System,,TYS,,Brazil,Y
YP,Aero Lloyd (YP),,AEF,,Germany,N
YQ,Polet Airlines (Priv),,\N,,Russia,Y
YR,SENIC AIRLINES,,\N,,United States,Y
YS,Régional,\N,RAE,REGIONAL EUROPE,France,Y
YT,Air Togo,\N,TGA,AIR TOGO,Togo,N
YT,Yeti Airways,,\N,,Nepal,Y
YV,Mesa Airlines,\N,ASH,AIR SHUTTLE,United States,Y
YW,Air Nostrum,\N,ANE,AIR NOSTRUM,Spain,Y
YX,Midwest Airlines,\N,MEP,,United States,Y
YY,Virginwings,,VWA,,Germany,Y
YZ,LSM AIRLINES ,Russian. Yours Air Lines ,YZZ,Moscow frog ,Russia,Y
Z0,All Argentina Express,All Argentina Express,Z9H,,Argentina,Y
Z2,Zest Air,,\N,,Philippines,Y
Z3,Avient Aviation,\N,SMJ,AVAVIA,Zimbabwe,Y
Z4,Zoom Airlines,\N,OOM,ZOOM,Canada,Y
Z5,INAVIA Internacional,Internacional,IIR,,Argentina,Y
Z6,ZABAIKAL AIRLINES,ZABAIKAL ,ZTT,BAIKAL ,Russia,Y
Z7,ADC Airlines,\N,ADK,ADCO,Nigeria,N
Z7,Zimbabwean Airlines,,\N,,Zimbabwe,N
Z7,REDjet,,\N,,Barbados,Y
Z8,Amaszonas,\N,AZN,,Bolivia,Y
Z9,Flightlink Tanzania,Flightlink,\N,,Tanzania,Y
ZA,Access Air,\N,CYD,CYCLONE,United States,Y
ZA,Interavia Airlines,\N,SUW,ASTAIR,Russia,Y
ZB,Air Bourbon,\N,BUB,BOURBON,Reunion,Y
ZB,Monarch Airlines,\N,MON,MONARCH,United Kingdom,Y
ZC,Korongo Airlines,,KGO,KORONGO,Congo (Kinshasa),Y
ZE,Arcus-Air Logistic,\N,AZE,ARCUS AIR,Germany,N
ZE,Lineas Aereas Azteca,\N,LCD,LINEAS AZTECA,Mexico,N
ZE,Eastar Jet,,ESR,Eastar,South Korea,Y
ZF,Athens Airways,,\N,ATHENSAIR,Greece,Y
ZG,Viva Macau,\N,VVM,JACKPOT,Macao,Y
ZH,Shenzhen Airlines,\N,CSZ,SHENZHEN AIR,China,Y
ZI,Aigle Azur,\N,AAF,AIGLE AZUR,France,Y
ZJ,Zambezi Airlines (ZMA),,\N,,Zambia,Y
ZK,Great Lakes Airlines,\N,GLA,LAKES AIR,United States,Y
ZL,Regional Express,\N,RXA,REX,Australia,Y
ZM,Apache Air,Apache,IWA,APACHE,United States,Y
ZN,Zenith International Airline,Zenith,ZNA,ZENITH,Thailand,Y
ZP,Silk Way Airlines,\N,AZQ,SILK LINE,Azerbaijan,N
ZP,Zabaykalskii Airlines,Baikal Airlines,ZZZ,Lakeair,Russia,Y
ZQ,Annsett New Zealand (NZA),,\N,,New Zealand,N
ZQ,Locair,,LOC,LOCAIR,United States,Y
ZS,Sama Airlines,\N,SMY,NAJIM,Saudi Arabia,Y
ZT,Titan Airways,\N,AWC,ZAP,United Kingdom,N
ZT,Tomp Airlines,Tomp Airlines,T9P,,Chile,Y
ZU,Helios Airways,\N,HCY,HELIOS,Cyprus,N
ZV,Air Midwest,\N,AMW,AIR MIDWEST,United States,N
ZV,V Air,V Air Taiwan,VAX,,Taiwan,Y
ZW,Air Wisconsin,\N,AWI,AIR WISCONSIN,United States,Y
ZX,Air Georgian,\N,GGN,GEORGIAN,Canada,N
ZX,Japan Regio,,ZXY,,Japan,Y
ZY,Ada Air,\N,ADE,ADA AIR,Albania,Y
ZZ,Zz,,\N,,Belgium,Y
